{
   "access" : [
      {
         "actions" : {
            "disrupt" : "CHAIN"
         },
         "id" : 11001,
         "msg" : "Ignore passive requests with no arguments",
         "operator" : "REFIND",
         "opts" : {
            "nolog" : true
         },
         "pattern" : "^(?:GET|HEAD)$",
         "vars" : [
            {
               "type" : "METHOD"
            }
         ]
      },
      {
         "actions" : {
            "disrupt" : "ACCEPT"
         },
         "id" : 11002,
         "msg" : "Ignore passive requests with no arguments",
         "op_negated" : 1,
         "operator" : "REFIND",
         "opts" : {
            "nolog" : true
         },
         "pattern" : ".*",
         "vars" : [
            {
               "parse" : [
                  "all",
                  1
               ],
               "type" : "REQUEST_ARGS"
            }
         ]
      },
      {
         "actions" : {},
         "id" : 11003,
         "msg" : "Skip whitelisting of some extensions for non-passive requests",
         "op_negated" : 1,
         "operator" : "REFIND",
         "opts" : {
            "nolog" : true
         },
         "pattern" : "^(?:GET|HEAD)$",
         "skip" : 4,
         "vars" : [
            {
               "type" : "METHOD"
            }
         ]
      },
      {
         "actions" : {
            "disrupt" : "ACCEPT"
         },
         "id" : 11004,
         "msg" : "Whitelisting extensions - images",
         "operator" : "REFIND",
         "opts" : {
            "nolog" : true
         },
         "pattern" : "\\.(?:(?:jpe?|pn)g|gif|ico)$",
         "vars" : [
            {
               "type" : "URI"
            }
         ]
      },
      {
         "actions" : {
            "disrupt" : "ACCEPT"
         },
         "id" : 11005,
         "msg" : "Whitelisting extensions - documents",
         "operator" : "REFIND",
         "opts" : {
            "nolog" : true
         },
         "pattern" : "\\.(?:doc|pdf|txt|xls)$",
         "vars" : [
            {
               "type" : "URI"
            }
         ]
      },
      {
         "actions" : {
            "disrupt" : "ACCEPT"
         },
         "id" : 11006,
         "msg" : "Whitelisting extensions - HTML",
         "operator" : "REFIND",
         "opts" : {
            "nolog" : true
         },
         "pattern" : "\\.(?:(?:cs|j)s|html?)$",
         "vars" : [
            {
               "type" : "URI"
            }
         ]
      },
      {
         "actions" : {
            "disrupt" : "ACCEPT"
         },
         "id" : 11007,
         "msg" : "Whitelisting extensions - media",
         "operator" : "REFIND",
         "opts" : {
            "nolog" : true
         },
         "pattern" : "\\.(?:mp(?:e?g|(?:3|4))|avi|flv|swf|wma)$",
         "vars" : [
            {
               "type" : "URI"
            }
         ]
      }
   ],
   "body_filter" : {},
   "header_filter" : {}
}
