{
   "access" : [
      {
         "actions" : {
            "disrupt" : "SCORE",
            "nondisrupt" : [
               {
                  "action" : "setvar",
                  "data" : {
                     "col" : "TX",
                     "inc" : 1,
                     "key" : "anomaly_score",
                     "value" : 2
                  }
               }
            ]
         },
         "id" : 21001,
         "msg" : "No valid Host header",
         "op_negated" : 1,
         "operator" : "CONTAINS",
         "pattern" : "host",
         "vars" : [
            {
               "parse" : [
                  "keys",
                  1
               ],
               "type" : "REQUEST_HEADERS"
            }
         ]
      },
      {
         "actions" : {
            "disrupt" : "CHAIN"
         },
         "id" : 21002,
         "op_negated" : 1,
         "operator" : "EQUALS",
         "opts" : {
            "nolog" : true
         },
         "pattern" : "OPTIONS",
         "vars" : [
            {
               "type" : "METHOD"
            }
         ]
      },
      {
         "actions" : {
            "disrupt" : "SCORE",
            "nondisrupt" : [
               {
                  "action" : "setvar",
                  "data" : {
                     "col" : "TX",
                     "inc" : 1,
                     "key" : "anomaly_score",
                     "value" : 2
                  }
               }
            ]
         },
         "id" : 21003,
         "msg" : "No valid Accept header",
         "op_negated" : 1,
         "operator" : "CONTAINS",
         "pattern" : "accept",
         "vars" : [
            {
               "parse" : [
                  "keys",
                  1
               ],
               "type" : "REQUEST_HEADERS"
            }
         ]
      },
      {
         "actions" : {
            "disrupt" : "CHAIN"
         },
         "id" : 21004,
         "op_negated" : 1,
         "operator" : "EQUALS",
         "opts" : {
            "nolog" : true
         },
         "pattern" : "OPTIONS",
         "vars" : [
            {
               "type" : "METHOD"
            }
         ]
      },
      {
         "actions" : {
            "disrupt" : "SCORE",
            "nondisrupt" : [
               {
                  "action" : "setvar",
                  "data" : {
                     "col" : "TX",
                     "inc" : 1,
                     "key" : "anomaly_score",
                     "value" : 2
                  }
               }
            ]
         },
         "id" : 21005,
         "msg" : "Accept header has no value",
         "operator" : "REFIND",
         "pattern" : "^$",
         "vars" : [
            {
               "parse" : [
                  "specific",
                  "accept"
               ],
               "type" : "REQUEST_HEADERS"
            }
         ]
      },
      {
         "actions" : {
            "disrupt" : "SCORE",
            "nondisrupt" : [
               {
                  "action" : "setvar",
                  "data" : {
                     "col" : "TX",
                     "inc" : 1,
                     "key" : "anomaly_score",
                     "value" : 2
                  }
               }
            ]
         },
         "id" : 21006,
         "msg" : "No valid User-Agent header",
         "op_negated" : 1,
         "operator" : "CONTAINS",
         "pattern" : "user-agent",
         "vars" : [
            {
               "parse" : [
                  "keys",
                  1
               ],
               "type" : "REQUEST_HEADERS"
            }
         ]
      },
      {
         "actions" : {
            "disrupt" : "SCORE",
            "nondisrupt" : [
               {
                  "action" : "setvar",
                  "data" : {
                     "col" : "TX",
                     "inc" : 1,
                     "key" : "anomaly_score",
                     "value" : 2
                  }
               }
            ]
         },
         "id" : 21007,
         "msg" : "User-Agent header has no value",
         "operator" : "REFIND",
         "pattern" : "^$",
         "vars" : [
            {
               "parse" : [
                  "specific",
                  "user-agent"
               ],
               "type" : "REQUEST_HEADERS"
            }
         ]
      },
      {
         "actions" : {
            "disrupt" : "CHAIN"
         },
         "id" : 21008,
         "op_negated" : 1,
         "operator" : "CONTAINS",
         "opts" : {
            "nolog" : true
         },
         "pattern" : "content-type",
         "vars" : [
            {
               "parse" : [
                  "keys",
                  1
               ],
               "type" : "REQUEST_HEADERS"
            }
         ]
      },
      {
         "actions" : {
            "disrupt" : "SCORE",
            "nondisrupt" : [
               {
                  "action" : "setvar",
                  "data" : {
                     "col" : "TX",
                     "inc" : 1,
                     "key" : "anomaly_score",
                     "value" : 2
                  }
               }
            ]
         },
         "id" : 21009,
         "msg" : "Request contains content, but missing Content-Type header",
         "op_negated" : 1,
         "operator" : "REFIND",
         "pattern" : "^0$",
         "vars" : [
            {
               "parse" : [
                  "specific",
                  "content-length"
               ],
               "type" : "REQUEST_HEADERS"
            }
         ]
      },
      {
         "actions" : {
            "disrupt" : "SCORE",
            "nondisrupt" : [
               {
                  "action" : "setvar",
                  "data" : {
                     "col" : "TX",
                     "inc" : 1,
                     "key" : "anomaly_score",
                     "value" : 2
                  }
               }
            ]
         },
         "id" : 21010,
         "msg" : "Host header contains an IP address",
         "operator" : "REFIND",
         "pattern" : "^[\\d.:]+$",
         "vars" : [
            {
               "parse" : [
                  "specific",
                  "host"
               ],
               "type" : "REQUEST_HEADERS"
            }
         ]
      }
   ],
   "body_filter" : {},
   "header_filter" : {}
}
