{
   "access" : [
      {
         "actions" : {
            "disrupt" : "SCORE",
            "nondisrupt" : [
               {
                  "action" : "setvar",
                  "data" : {
                     "col" : "TX",
                     "inc" : 1,
                     "key" : "anomaly_score",
                     "value" : 4
                  }
               }
            ]
         },
         "id" : 40001,
         "msg" : "OS Command Injection detected",
         "operator" : "REFIND",
         "pattern" : "(?:(?:[\\;\\|\\`]\\W*?\\bcc|\\b(wget|curl))\\b|\\/cc(?:[\\'\\\"\\|\\;\\`\\-\\s]|$))",
         "vars" : [
            {
               "parse" : [
                  "all",
                  1
               ],
               "type" : "REQUEST_ARGS"
            }
         ]
      },
      {
         "actions" : {
            "disrupt" : "SCORE",
            "nondisrupt" : [
               {
                  "action" : "setvar",
                  "data" : {
                     "col" : "TX",
                     "inc" : 1,
                     "key" : "anomaly_score",
                     "value" : 4
                  }
               }
            ]
         },
         "id" : 40002,
         "msg" : "Repetitive non-word characters anomaly detected",
         "operator" : "REFIND",
         "opts" : {
            "transform" : "uri_decode"
         },
         "pattern" : "[^\\w\\r\\n]{4,}",
         "vars" : [
            {
               "parse" : [
                  "all",
                  1
               ],
               "type" : "REQUEST_ARGS"
            }
         ]
      },
      {
         "actions" : {
            "disrupt" : "SCORE",
            "nondisrupt" : [
               {
                  "action" : "setvar",
                  "data" : {
                     "col" : "TX",
                     "inc" : 1,
                     "key" : "anomaly_score",
                     "value" : 4
                  }
               }
            ]
         },
         "id" : 40003,
         "msg" : "Coldfusion injection detected",
         "operator" : "REFIND",
         "pattern" : "\\bcf(?:usion_(?:d(?:bconnections_flush|ecrypt)|set(?:tings_refresh|odbcini)|getodbc(?:dsn|ini)|verifymail|encrypt)|_(?:(?:iscoldfusiondatasourc|getdatasourceusernam)e|setdatasource(?:password|username))|newinternal(?:adminsecurit|registr)y|admin_registry_(?:delete|set)|internaldebug|execute)\\b",
         "vars" : [
            {
               "parse" : [
                  "all",
                  1
               ],
               "type" : "REQUEST_ARGS"
            }
         ]
      },
      {
         "actions" : {
            "disrupt" : "SCORE",
            "nondisrupt" : [
               {
                  "action" : "setvar",
                  "data" : {
                     "col" : "TX",
                     "inc" : 1,
                     "key" : "anomaly_score",
                     "value" : 4
                  }
               }
            ]
         },
         "id" : 40004,
         "msg" : "LDAP Injection detected",
         "operator" : "REFIND",
         "pattern" : "(?:\\((?:\\W*?(?:objectc(?:ategory|lass)|homedirectory|[gu]idnumber|cn)\\b\\W*?=|[^\\w\\x80-\\xFF]*?[\\!\\&\\|][^\\w\\x80-\\xFF]*?\\()|\\)[^\\w\\x80-\\xFF]*?\\([^\\w\\x80-\\xFF]*?[\\!\\&\\|])",
         "vars" : [
            {
               "parse" : [
                  "all",
                  1
               ],
               "type" : "REQUEST_ARGS"
            }
         ]
      },
      {
         "actions" : {
            "disrupt" : "SCORE",
            "nondisrupt" : [
               {
                  "action" : "setvar",
                  "data" : {
                     "col" : "TX",
                     "inc" : 1,
                     "key" : "anomaly_score",
                     "value" : 4
                  }
               }
            ]
         },
         "id" : 40005,
         "msg" : "SSI injection detected",
         "operator" : "REFIND",
         "pattern" : "<!--\\W*?#\\W*?(?:e(?:cho|xec)|printenv|include|cmd)",
         "vars" : [
            {
               "parse" : [
                  "all",
                  1
               ],
               "type" : "REQUEST_ARGS"
            }
         ]
      },
      {
         "actions" : {
            "disrupt" : "SCORE",
            "nondisrupt" : [
               {
                  "action" : "setvar",
                  "data" : {
                     "col" : "TX",
                     "inc" : 1,
                     "key" : "anomaly_score",
                     "value" : 4
                  }
               }
            ]
         },
         "id" : 40006,
         "msg" : "UPDF XSS",
         "operator" : "REFIND",
         "pattern" : "http:\\/\\/[\\w\\.]+?\\/.*?\\.pdf\\b[^\\x0d\\x0a]*#",
         "vars" : [
            {
               "parse" : [
                  "all",
                  1
               ],
               "type" : "REQUEST_ARGS"
            }
         ]
      },
      {
         "actions" : {
            "disrupt" : "SCORE",
            "nondisrupt" : [
               {
                  "action" : "setvar",
                  "data" : {
                     "col" : "TX",
                     "inc" : 1,
                     "key" : "anomaly_score",
                     "value" : 4
                  }
               }
            ]
         },
         "id" : 40007,
         "msg" : "E-mail injection",
         "operator" : "REFIND",
         "pattern" : "[\\n\\r]\\s*\\b(?:to|b?cc)\\b\\s*:.*?\\@",
         "vars" : [
            {
               "parse" : [
                  "all",
                  1
               ],
               "type" : "REQUEST_ARGS"
            }
         ]
      },
      {
         "actions" : {
            "disrupt" : "SCORE",
            "nondisrupt" : [
               {
                  "action" : "setvar",
                  "data" : {
                     "col" : "TX",
                     "inc" : 1,
                     "key" : "anomaly_score",
                     "value" : 4
                  }
               }
            ]
         },
         "id" : 40008,
         "msg" : "HTTP Request Smuggling",
         "operator" : "REFIND",
         "pattern" : ",",
         "vars" : [
            {
               "parse" : [
                  "specific",
                  "content-length"
               ],
               "type" : "REQUEST_HEADERS"
            }
         ]
      },
      {
         "actions" : {
            "disrupt" : "SCORE",
            "nondisrupt" : [
               {
                  "action" : "setvar",
                  "data" : {
                     "col" : "TX",
                     "inc" : 1,
                     "key" : "anomaly_score",
                     "value" : 4
                  }
               }
            ]
         },
         "id" : 40009,
         "msg" : "HTTP Request Smuggling",
         "operator" : "REFIND",
         "pattern" : ",",
         "vars" : [
            {
               "parse" : [
                  "specific",
                  "transfer-encoding"
               ],
               "type" : "REQUEST_HEADERS"
            }
         ]
      },
      {
         "actions" : {
            "disrupt" : "SCORE",
            "nondisrupt" : [
               {
                  "action" : "setvar",
                  "data" : {
                     "col" : "TX",
                     "inc" : 1,
                     "key" : "anomaly_score",
                     "value" : 4
                  }
               }
            ]
         },
         "id" : 40010,
         "msg" : "HTTP Response Splitting",
         "operator" : "REFIND",
         "pattern" : "[\\n\\r](?:content-(type|length)|set-cookie|location):",
         "vars" : [
            {
               "parse" : [
                  "all",
                  1
               ],
               "type" : "REQUEST_ARGS"
            }
         ]
      },
      {
         "actions" : {
            "disrupt" : "SCORE",
            "nondisrupt" : [
               {
                  "action" : "setvar",
                  "data" : {
                     "col" : "TX",
                     "inc" : 1,
                     "key" : "anomaly_score",
                     "value" : 4
                  }
               }
            ]
         },
         "id" : 40011,
         "msg" : "HTTP Response Splitting",
         "operator" : "REFIND",
         "pattern" : "(?:\\bhttp\\/(?:0\\.9|1\\.[01])|<(?:html|meta)\\b)",
         "vars" : [
            {
               "parse" : [
                  "all",
                  1
               ],
               "type" : "REQUEST_ARGS"
            }
         ]
      },
      {
         "actions" : {
            "disrupt" : "SCORE",
            "nondisrupt" : [
               {
                  "action" : "setvar",
                  "data" : {
                     "col" : "TX",
                     "inc" : 1,
                     "key" : "anomaly_score",
                     "value" : 4
                  }
               }
            ]
         },
         "id" : 40012,
         "msg" : "Remote File Inclusion - URL in request argument",
         "operator" : "REFIND",
         "pattern" : "^(?:ht|f)tps?:\\/\\/(\\d{1,3}\\.\\d{1,3}\\.\\d{1,3}\\.\\d{1,3})",
         "vars" : [
            {
               "parse" : [
                  "all",
                  1
               ],
               "type" : "REQUEST_ARGS"
            }
         ]
      },
      {
         "actions" : {
            "disrupt" : "SCORE",
            "nondisrupt" : [
               {
                  "action" : "setvar",
                  "data" : {
                     "col" : "TX",
                     "inc" : 1,
                     "key" : "anomaly_score",
                     "value" : 4
                  }
               }
            ]
         },
         "id" : 40013,
         "msg" : "Remote File Inclusion - PHP include() function",
         "operator" : "REFIND",
         "opts" : {
            "transform" : "uri_decode"
         },
         "pattern" : "(?:(\\binclude\\s*\\([^)]*|mosConfig_absolute_path|_CONF\\[path\\]|_SERVER\\[DOCUMENT_ROOT\\]|GALLERY_BASEDIR|path\\[docroot\\]|appserv_root|config\\[root_dir\\])=(ht|f)tps?:\\/\\/)",
         "vars" : [
            {
               "parse" : [
                  "all",
                  1
               ],
               "type" : "REQUEST_ARGS"
            }
         ]
      },
      {
         "actions" : {
            "disrupt" : "SCORE",
            "nondisrupt" : [
               {
                  "action" : "setvar",
                  "data" : {
                     "col" : "TX",
                     "inc" : 1,
                     "key" : "anomaly_score",
                     "value" : 4
                  }
               }
            ]
         },
         "id" : 40014,
         "msg" : "Remote File Inclusion - RFI data ends with question mark",
         "operator" : "REFIND",
         "pattern" : "^(?:ft|htt)ps?(.*?)\\?+$",
         "vars" : [
            {
               "parse" : [
                  "all",
                  1
               ],
               "type" : "REQUEST_ARGS"
            }
         ]
      },
      {
         "actions" : {
            "disrupt" : "SCORE",
            "nondisrupt" : [
               {
                  "action" : "setvar",
                  "data" : {
                     "col" : "TX",
                     "inc" : 1,
                     "key" : "anomaly_score",
                     "value" : 4
                  }
               }
            ]
         },
         "id" : 40015,
         "msg" : "Session fixation attack detected",
         "operator" : "REFIND",
         "opts" : {
            "transform" : "uri_decode"
         },
         "pattern" : "(?:\\.cookie\\b.*?;\\W*?(?:expires|domain)\\W*?=|\\bhttp-equiv\\W+set-cookie\\b)",
         "vars" : [
            {
               "parse" : [
                  "all",
                  1
               ],
               "type" : "REQUEST_ARGS"
            }
         ]
      },
      {
         "actions" : {
            "disrupt" : "SCORE",
            "nondisrupt" : [
               {
                  "action" : "setvar",
                  "data" : {
                     "col" : "TX",
                     "inc" : 1,
                     "key" : "anomaly_score",
                     "value" : 4
                  }
               }
            ]
         },
         "id" : 40016,
         "msg" : "System file access attempt",
         "operator" : "REFIND",
         "pattern" : "(?:\\b(?:\\.(?:ht(?:access|passwd|group)|www_?acl)|global\\.asa|httpd\\.conf|boot\\.ini)\\b|\\/etc\\/)",
         "vars" : [
            {
               "parse" : [
                  "all",
                  1
               ],
               "type" : "REQUEST_ARGS"
            }
         ]
      },
      {
         "actions" : {
            "disrupt" : "SCORE",
            "nondisrupt" : [
               {
                  "action" : "setvar",
                  "data" : {
                     "col" : "TX",
                     "inc" : 1,
                     "key" : "anomaly_score",
                     "value" : 4
                  }
               }
            ]
         },
         "id" : 40017,
         "msg" : "System command access attempt",
         "operator" : "REFIND",
         "pattern" : "\\b(?:(?:n(?:map|et|c)|w(?:guest|sh)|telnet|rcmd|ftp)\\.exe\\b|cmd(?:(?:32)?\\.exe\\b|\\b\\W*?\\/c))",
         "vars" : [
            {
               "parse" : [
                  "all",
                  1
               ],
               "type" : "REQUEST_ARGS"
            }
         ]
      },
      {
         "actions" : {
            "disrupt" : "SCORE",
            "nondisrupt" : [
               {
                  "action" : "setvar",
                  "data" : {
                     "col" : "TX",
                     "inc" : 1,
                     "key" : "anomaly_score",
                     "value" : 4
                  }
               }
            ]
         },
         "id" : 40018,
         "msg" : "System command injection attempt",
         "operator" : "REFIND",
         "pattern" : "(?:\\b(?:(?:n(?:et(?:\\b\\W+?\\blocalgroup|\\.exe)|(?:map|c)\\.exe)|t(?:racer(?:oute|t)|elnet\\.exe|clsh8?|ftp)|(?:w(?:guest|sh)|rcmd|ftp)\\.exe|echo\\b\\W*?\\by+)\\b|c(?:md(?:(?:\\.exe|32)\\b|\\b\\W*?\\/c)|d(?:\\b\\W*?[\\\\/]|\\W*?\\.\\.)|hmod.{0,40}?\\+.{0,3}x))|[\\;\\|\\`]\\W*?\\b(?:(?:c(?:h(?:grp|mod|own|sh)|md|pp)|p(?:asswd|ython|erl|ing|s)|n(?:asm|map|c)|f(?:inger|tp)|(?:kil|mai)l|(?:xte)?rm|ls(?:of)?|telnet|uname|echo|id)\\b|g(?:\\+\\+|cc\\b)))",
         "vars" : [
            {
               "parse" : [
                  "all",
                  1
               ],
               "type" : "REQUEST_ARGS"
            }
         ]
      },
      {
         "actions" : {
            "disrupt" : "SCORE",
            "nondisrupt" : [
               {
                  "action" : "setvar",
                  "data" : {
                     "col" : "TX",
                     "inc" : 1,
                     "key" : "anomaly_score",
                     "value" : 4
                  }
               }
            ]
         },
         "id" : 40019,
         "msg" : "PHP Injection",
         "operator" : "REFIND",
         "pattern" : "<\\?(?!xml)",
         "vars" : [
            {
               "parse" : [
                  "all",
                  1
               ],
               "type" : "REQUEST_ARGS"
            }
         ]
      },
      {
         "actions" : {
            "disrupt" : "SCORE",
            "nondisrupt" : [
               {
                  "action" : "setvar",
                  "data" : {
                     "col" : "TX",
                     "inc" : 1,
                     "key" : "anomaly_score",
                     "value" : 4
                  }
               }
            ]
         },
         "id" : 40020,
         "msg" : "PHP Injection",
         "operator" : "REFIND",
         "pattern" : "(?:\\b(?:f(?:tp_(?:nb_)?f?(?:ge|pu)t|get(?:s?s|c)|scanf|write|open|read)|gz(?:(?:encod|writ)e|compress|open|read)|s(?:ession_start|candir)|read(?:(?:gz)?file|dir)|move_uploaded_file|(?:proc_|bz)open|call_user_func)|\\$_(?:(?:pos|ge)t|session))\\b",
         "vars" : [
            {
               "parse" : [
                  "all",
                  1
               ],
               "type" : "REQUEST_ARGS"
            }
         ]
      },
      {
         "actions" : {
            "disrupt" : "SCORE",
            "nondisrupt" : [
               {
                  "action" : "setvar",
                  "data" : {
                     "col" : "TX",
                     "inc" : 1,
                     "key" : "anomaly_score",
                     "value" : 4
                  }
               }
            ]
         },
         "id" : 40021,
         "msg" : "PHP Injection",
         "operator" : "REFIND",
         "opts" : {
            "transform" : "uri_decode"
         },
         "pattern" : "(?:(?:(?:(?:a(?:llow_url_includ|uto_prepend_fil)e|s(?:uhosin.simulation|afe_mode)|disable_functions|open_basedir)=|php://input)))",
         "vars" : [
            {
               "parse" : [
                  "all",
                  1
               ],
               "type" : "REQUEST_ARGS"
            }
         ]
      },
      {
         "actions" : {
            "disrupt" : "SCORE",
            "nondisrupt" : [
               {
                  "action" : "setvar",
                  "data" : {
                     "col" : "TX",
                     "inc" : 1,
                     "key" : "anomaly_score",
                     "value" : 4
                  }
               }
            ]
         },
         "id" : 40022,
         "msg" : "Directory traversal (volatile match)",
         "operator" : "REFIND",
         "pattern" : "(?:\\x5c|(?:%(?:2(?:5(?:2f|5c)|%46|f)|c(?:0%(?:9v|af)|1%1c)|u(?:221[56]|002f)|%32(?:%46|F)|e0%80%af|1u|5c)|\\/))(?:%(?:2(?:(?:52)?e|%45)|(?:e0%8|c)0%ae|u(?:002e|2024)|%32(?:%45|E))|\\.){2}(?:\\x5c|(?:%(?:2(?:5(?:2f|5c)|%46|f)|c(?:0%(?:9v|af)|1%1c)|u(?:221[56]|002f)|%32(?:%46|F)|e0%80%af|1u|5c)|\\/))",
         "vars" : [
            {
               "parse" : [
                  "all",
                  1
               ],
               "type" : "REQUEST_ARGS"
            }
         ]
      },
      {
         "actions" : {
            "disrupt" : "SCORE",
            "nondisrupt" : [
               {
                  "action" : "setvar",
                  "data" : {
                     "col" : "TX",
                     "inc" : 1,
                     "key" : "anomaly_score",
                     "value" : 4
                  }
               }
            ]
         },
         "id" : 40023,
         "msg" : "Null byte at end of URI",
         "operator" : "REFIND",
         "pattern" : "%00+$",
         "vars" : [
            {
               "type" : "URI"
            }
         ]
      }
   ],
   "body_filter" : {},
   "header_filter" : {}
}
