{
   "access" : [
      {
         "actions" : {
            "disrupt" : "SCORE",
            "nondisrupt" : [
               {
                  "action" : "setvar",
                  "data" : {
                     "col" : "TX",
                     "inc" : 1,
                     "key" : "anomaly_score",
                     "value" : 4
                  }
               }
            ]
         },
         "id" : 41001,
         "msg" : "SQL Comment Sequence",
         "operator" : "REFIND",
         "opts" : {
            "transform" : "uri_decode"
         },
         "pattern" : "(/\\*!?|\\*/|[';]--|--[\\s\\r\\n\\v\\f]|(?:--[^-]*?-)|([^\\-&])#.*?[\\s\\r\\n\\v\\f]|;?\\\\x00)",
         "vars" : [
            {
               "parse" : [
                  "all",
                  1
               ],
               "type" : "REQUEST_ARGS"
            }
         ]
      },
      {
         "actions" : {
            "disrupt" : "SCORE",
            "nondisrupt" : [
               {
                  "action" : "setvar",
                  "data" : {
                     "col" : "TX",
                     "inc" : 1,
                     "key" : "anomaly_score",
                     "value" : 4
                  }
               }
            ]
         },
         "id" : 41002,
         "msg" : "SQL Hex Encoding",
         "operator" : "REFIND",
         "opts" : {
            "transform" : "uri_decode"
         },
         "pattern" : "(?:(?:\\A|[^\\d])0x[a-f\\d]{3,}[a-f\\d]*)+",
         "vars" : [
            {
               "parse" : [
                  "all",
                  1
               ],
               "type" : "REQUEST_ARGS"
            }
         ]
      },
      {
         "actions" : {
            "disrupt" : "SCORE",
            "nondisrupt" : [
               {
                  "action" : "setvar",
                  "data" : {
                     "col" : "TX",
                     "inc" : 1,
                     "key" : "anomaly_score",
                     "value" : 4
                  }
               }
            ]
         },
         "id" : 41003,
         "msg" : "SQL String Termination",
         "operator" : "REFIND",
         "opts" : {
            "transform" : "uri_decode"
         },
         "pattern" : "(^[\\\"'`´’‘;]+|[\\\"'`´’‘;]+$)",
         "vars" : [
            {
               "parse" : [
                  "all",
                  1
               ],
               "type" : "REQUEST_ARGS"
            }
         ]
      },
      {
         "actions" : {
            "disrupt" : "SCORE",
            "nondisrupt" : [
               {
                  "action" : "setvar",
                  "data" : {
                     "col" : "TX",
                     "inc" : 1,
                     "key" : "anomaly_score",
                     "value" : 4
                  }
               }
            ]
         },
         "id" : 41004,
         "msg" : "SQL Operators",
         "operator" : "REFIND",
         "opts" : {
            "transform" : "uri_decode"
         },
         "pattern" : "(?:(\\!\\=|\\&\\&|\\|\\||>>|<<|>=|<=|<>|<=>|xor|rlike|regexp|isnull)|(?:not\\s+between\\s+0\\s+and)|(?:is\\s+null)|(like\\s+null)|(?:(?:^|\\W)in[+\\s]*\\([\\s\\d\\\"]+[^()]*\\))|(?:xor|<>|rlike(?:\\s+binary)?)|(?:regexp\\s+binary))",
         "vars" : [
            {
               "parse" : [
                  "all",
                  1
               ],
               "type" : "REQUEST_ARGS"
            }
         ]
      },
      {
         "actions" : {
            "disrupt" : "SCORE",
            "nondisrupt" : [
               {
                  "action" : "setvar",
                  "data" : {
                     "col" : "TX",
                     "inc" : 1,
                     "key" : "anomaly_score",
                     "value" : 4
                  }
               }
            ]
         },
         "id" : 41005,
         "msg" : "SQL Tautologies",
         "operator" : "REFIND",
         "opts" : {
            "transform" : "uri_decode"
         },
         "pattern" : "(?:([\\s'\\\"`´’‘\\(\\)]*?)\\b([\\d\\w]++)([\\s'\\\"`´’‘\\(\\)]*?)(?:(?:=|<=>|r?like|sounds\\s+like|regexp)([\\s'\\\"`´’‘\\(\\)]*?)\\2\\b|(?:!=|<=|>=|<>|<|>|\\^|is\\s+not|not\\s+like|not\\s+regexp)([\\s'\\\"`´’‘\\(\\)]*?)(?!\\2)([\\d\\w]+)\\b))",
         "vars" : [
            {
               "parse" : [
                  "all",
                  1
               ],
               "type" : "REQUEST_ARGS"
            }
         ]
      },
      {
         "actions" : {
            "disrupt" : "SCORE",
            "nondisrupt" : [
               {
                  "action" : "setvar",
                  "data" : {
                     "col" : "TX",
                     "inc" : 1,
                     "key" : "anomaly_score",
                     "value" : 4
                  }
               }
            ]
         },
         "id" : 41006,
         "msg" : "Common database name detected",
         "operator" : "REFIND",
         "opts" : {
            "transform" : "uri_decode"
         },
         "pattern" : "(?:(?:m(?:s(?:ysaccessobjects|ysaces|ysobjects|ysqueries|ysrelationships|ysaccessstorage|ysaccessxml|ysmodules|ysmodules2|db)|aster\\.\\.sysdatabases|ysql\\.db)|s(?:ys(?:\\.database_name|aux)|chema(?:\\W*\\(|_name)|qlite(_temp)?_master)|d(?:atabas|b_nam)e\\W*\\(|information_schema|pg_(catalog|toast)|northwind|tempdb))",
         "vars" : [
            {
               "parse" : [
                  "all",
                  1
               ],
               "type" : "REQUEST_ARGS"
            }
         ]
      },
      {
         "actions" : {
            "disrupt" : "SCORE",
            "nondisrupt" : [
               {
                  "action" : "setvar",
                  "data" : {
                     "col" : "TX",
                     "inc" : 1,
                     "key" : "anomaly_score",
                     "value" : 4
                  }
               }
            ]
         },
         "id" : 41007,
         "msg" : "Blind SQL Injection attempt",
         "operator" : "REFIND",
         "opts" : {
            "transform" : "uri_decode"
         },
         "pattern" : "(?:(?:\\b(?:(?:s(?:ys\\.(?:user_(?:(?:t(?:ab(?:_column|le)|rigger)|object|view)s|c(?:onstraints|atalog))|all_tables|tab)|elect\\b.{0,40}\\b(?:substring|users?|ascii))|m(?:sys(?:(?:queri|ac)e|relationship|column|object)s|ysql\\.(db|user))|c(?:onstraint_type|harindex)|waitfor\\b\\W*?\\bdelay|attnotnull)\\b|(?:locate|instr)\\W+\\()|\\@\\@spid\\b)|\\b(?:(?:s(?:ys(?:(?:(?:process|tabl)e|filegroup|object)s|c(?:o(?:nstraint|lumn)s|at)|dba|ibm)|ubstr(?:ing)?)|user_(?:(?:(?:constrain|objec)t|tab(?:_column|le)|ind_column|user)s|password|group)|a(?:tt(?:rel|typ)id|ll_objects)|object_(?:(?:nam|typ)e|id)|pg_(?:attribute|class)|column_(?:name|id)|xtype\\W+\\bchar|mb_users|rownum)\\b|t(?:able_name\\b|extpos\\W+\\()))",
         "vars" : [
            {
               "parse" : [
                  "all",
                  1
               ],
               "type" : "REQUEST_ARGS"
            }
         ]
      },
      {
         "actions" : {
            "disrupt" : "SCORE",
            "nondisrupt" : [
               {
                  "action" : "setvar",
                  "data" : {
                     "col" : "TX",
                     "inc" : 1,
                     "key" : "anomaly_score",
                     "value" : 4
                  }
               }
            ]
         },
         "id" : 41008,
         "msg" : "SQL Injection attempt",
         "operator" : "REFIND",
         "opts" : {
            "transform" : "uri_decode"
         },
         "pattern" : "(?:\\b(?:(?:s(?:t(?:d(?:dev(_pop|_samp)?)?|r(?:_to_date|cmp))|u(?:b(?:str(?:ing(_index)?)?|(?:dat|tim)e)|m)|e(?:c(?:_to_time|ond)|ssion_user)|ys(?:tem_user|date)|ha(1|2)?|oundex|chema|ig?n|pace|qrt)|i(?:s(null|_(free_lock|ipv4_compat|ipv4_mapped|ipv4|ipv6|not_null|not|null|used_lock))?|n(?:et6?_(aton|ntoa)|s(?:ert|tr)|terval)?|f(null)?)|u(?:n(?:compress(?:ed_length)?|ix_timestamp|hex)|tc_(date|time|timestamp)|p(?:datexml|per)|uid(_short)?|case|ser)|l(?:o(?:ca(?:l(timestamp)?|te)|g(2|10)?|ad_file|wer)|ast(_day|_insert_id)?|e(?:(?:as|f)t|ngth)|case|trim|pad|n)|t(?:ime(stamp|stampadd|stampdiff|diff|_format|_to_sec)?|o_(base64|days|seconds|n?char)|r(?:uncate|im)|an)|m(?:a(?:ke(?:_set|date)|ster_pos_wait|x)|i(?:(?:crosecon)?d|n(?:ute)?)|o(?:nth(name)?|d)|d5)|r(?:e(?:p(?:lace|eat)|lease_lock|verse)|o(?:w_count|und)|a(?:dians|nd)|ight|trim|pad)|f(?:i(?:eld(_in_set)?|nd_in_set)|rom_(base64|days|unixtime)|o(?:und_rows|rmat)|loor)|a(?:es_(?:de|en)crypt|s(?:cii(str)?|in)|dd(?:dat|tim)e|(?:co|b)s|tan2?|vg)|p(?:o(?:sition|w(er)?)|eriod_(add|diff)|rocedure_analyse|assword|i)|b(?:i(?:t_(?:length|count|x?or|and)|n(_to_num)?)|enchmark)|e(?:x(?:p(?:ort_set)?|tract(value)?)|nc(?:rypt|ode)|lt)|v(?:a(?:r(?:_(?:sam|po)p|iance)|lues)|ersion)|g(?:r(?:oup_conca|eates)t|et_(format|lock))|o(?:(?:ld_passwo)?rd|ct(et_length)?)|we(?:ek(day|ofyear)?|ight_string)|n(?:o(?:t_in|w)|ame_const|ullif)|(rawton?)?hex(toraw)?|qu(?:arter|ote)|(pg_)?sleep|year(week)?|d?count|xmltype|hour)\\W*\\(|\\b(?:(?:s(?:elect\\b(?:.{1,100}?\\b(?:(?:length|count|top)\\b.{1,100}?\\bfrom|from\\b.{1,100}?\\bwhere)|.*?\\b(?:d(?:ump\\b.*\\bfrom|ata_type)|(?:to_(?:numbe|cha)|inst)r))|p_(?:sqlexec|sp_replwritetovarbin|sp_help|addextendedproc|is_srvrolemember|prepare|sp_password|execute(?:sql)?|makewebtask|oacreate)|ql_(?:longvarchar|variant))|xp_(?:reg(?:re(?:movemultistring|ad)|delete(?:value|key)|enum(?:value|key)s|addmultistring|write)|terminate|xp_servicecontrol|xp_ntsec_enumdomains|xp_terminate_process|e(?:xecresultset|numdsn)|availablemedia|loginconfig|cmdshell|filelist|dirtree|makecab|ntsec)|u(?:nion\\b.{1,100}?\\bselect|tl_(?:file|http))|d(?:b(?:a_users|ms_java)|elete\\b\\W*?\\bfrom)|group\\b.*\\bby\\b.{1,100}?\\bhaving|open(?:rowset|owa_util|query)|load\\b\\W*?\\bdata\\b.*\\binfile|(?:n?varcha|tbcreato)r|autonomous_transaction)\\b|i(?:n(?:to\\b\\W*?\\b(?:dump|out)file|sert\\b\\W*?\\binto|ner\\b\\W*?\\bjoin)\\b|(?:f(?:\\b\\W*?\\(\\W*?\\bbenchmark|null\\b)|snull\\b)\\W*?\\()|print\\b\\W*?\\@\\@|cast\\b\\W*?\\()|c(?:(?:ur(?:rent_(?:time(?:stamp)?|date|user)|(?:dat|tim)e)|h(?:ar(?:(?:acter)?_length|set)?|r)|iel(?:ing)?|ast|r32)\\W*\\(|o(?:(?:n(?:v(?:ert(?:_tz)?)?|cat(?:_ws)?|nection_id)|(?:mpres)?s|ercibility|alesce|t)\\W*\\(|llation\\W*\\(a))|d(?:(?:a(?:t(?:e(?:(_(add|format|sub))?|diff)|abase)|y(name|ofmonth|ofweek|ofyear)?)|e(?:(?:s_(de|en)cryp|faul)t|grees|code)|ump)\\W*\\(|bms_\\w+\\.\\b)|(?:;\\W*?\\b(?:shutdown|drop)|\\@\\@version)\\b|\\butl_inaddr\\b|\\bsys_context\\b|'(?:s(?:qloledb|a)|msdasql|dbo)'))",
         "vars" : [
            {
               "parse" : [
                  "all",
                  1
               ],
               "type" : "REQUEST_ARGS"
            }
         ]
      },
      {
         "actions" : {
            "disrupt" : "SCORE",
            "nondisrupt" : [
               {
                  "action" : "setvar",
                  "data" : {
                     "col" : "TX",
                     "inc" : 1,
                     "key" : "anomaly_score",
                     "value" : 4
                  }
               }
            ]
         },
         "id" : 41009,
         "msg" : "SQL Injection attempt",
         "operator" : "REFIND",
         "opts" : {
            "transform" : "uri_decode"
         },
         "pattern" : "\\b(?:having)\\b\\s+(\\d{1,10}|'[^=]{1,10}')\\s*?[=<>]|(?i:\\bexecute(\\s{1,5}[\\w\\.$]{1,5}\\s{0,3})?\\()|\\bhaving\\b ?(?:\\d{1,10}|[\\'\\\"][^=]{1,10}[\\'\\\"]) ?[=<>]+|(?i:\\bcreate\\s+?table.{0,20}?\\()|(?i:\\blike\\W*?char\\W*?\\()|(?i:(?:(select(.*?)case|from(.*?)limit|order\\sby)))|exists\\s(\\sselect|select\\Sif(null)?\\s\\(|select\\Stop|select\\Sconcat|system\\s\\(|\\b(?i:having)\\b\\s+(\\d{1,10})|'[^=]{1,10}')",
         "vars" : [
            {
               "parse" : [
                  "all",
                  1
               ],
               "type" : "REQUEST_ARGS"
            }
         ]
      },
      {
         "actions" : {
            "disrupt" : "SCORE",
            "nondisrupt" : [
               {
                  "action" : "setvar",
                  "data" : {
                     "col" : "TX",
                     "inc" : 1,
                     "key" : "anomaly_score",
                     "value" : 4
                  }
               }
            ]
         },
         "id" : 41010,
         "msg" : "SQL Injection attempt",
         "operator" : "REFIND",
         "opts" : {
            "transform" : "uri_decode"
         },
         "pattern" : "(?i:\\bor\\b ?(?:\\d{1,10}|[\\'\\\"][^=]{1,10}[\\'\\\"]) ?[=<>]+|(?i:'\\s+x?or\\s+.{1,20}[+\\-!<>=])|\\b(?i:x?or)\\b\\s+(\\d{1,10}|'[^=]{1,10}')|\\b(?i:x?or)\\b\\s+(\\d{1,10}|'[^=]{1,10}')\\s*?[=<>])",
         "vars" : [
            {
               "parse" : [
                  "all",
                  1
               ],
               "type" : "REQUEST_ARGS"
            }
         ]
      },
      {
         "actions" : {
            "disrupt" : "SCORE",
            "nondisrupt" : [
               {
                  "action" : "setvar",
                  "data" : {
                     "col" : "TX",
                     "inc" : 1,
                     "key" : "anomaly_score",
                     "value" : 4
                  }
               }
            ]
         },
         "id" : 41011,
         "msg" : "SQL Injection attempt",
         "operator" : "REFIND",
         "opts" : {
            "transform" : "uri_decode"
         },
         "pattern" : "\\b(?i:and)\\b\\s+(\\d{1,10}|'[^=]{1,10}')\\s*?[=]|\\b(?i:and)\\b\\s+(\\d{1,10}|'[^=]{1,10}')\\s*?[<>]|\\band\\b ?(?:\\d{1,10}|[\\'\\\"][^=]{1,10}[\\'\\\"]) ?[=<>]+|\\b(?i:and)\\b\\s+(\\d{1,10}|'[^=]{1,10}')",
         "vars" : [
            {
               "parse" : [
                  "all",
                  1
               ],
               "type" : "REQUEST_ARGS"
            }
         ]
      },
      {
         "actions" : {
            "disrupt" : "SCORE",
            "nondisrupt" : [
               {
                  "action" : "setvar",
                  "data" : {
                     "col" : "TX",
                     "inc" : 1,
                     "key" : "anomaly_score",
                     "value" : 4
                  }
               }
            ]
         },
         "id" : 41012,
         "msg" : "SQL Injection attempt",
         "operator" : "REFIND",
         "opts" : {
            "transform" : "uri_decode"
         },
         "pattern" : "(?i:\\b(?:coalesce\\b|root\\@))",
         "vars" : [
            {
               "parse" : [
                  "all",
                  1
               ],
               "type" : "REQUEST_ARGS"
            }
         ]
      },
      {
         "actions" : {
            "disrupt" : "SCORE",
            "nondisrupt" : [
               {
                  "action" : "setvar",
                  "data" : {
                     "col" : "TX",
                     "inc" : 1,
                     "key" : "anomaly_score",
                     "value" : 4
                  }
               }
            ]
         },
         "id" : 41013,
         "msg" : "SQL Injection attempt",
         "operator" : "REFIND",
         "opts" : {
            "transform" : "uri_decode"
         },
         "pattern" : "(?:(?:(?:s(?:t(?:d(?:dev(_pop|_samp)?)?|r(?:_to_date|cmp))|u(?:b(?:str(?:ing(_index)?)?|(?:dat|tim)e)|m)|e(?:c(?:_to_time|ond)|ssion_user)|ys(?:tem_user|date)|ha(1|2)?|oundex|chema|ig?n|pace|qrt)|i(?:s(null|_(free_lock|ipv4_compat|ipv4_mapped|ipv4|ipv6|not_null|not|null|used_lock))?|n(?:et6?_(aton|ntoa)|s(?:ert|tr)|terval)?|f(null)?)|u(?:n(?:compress(?:ed_length)?|ix_timestamp|hex)|tc_(date|time|timestamp)|p(?:datexml|per)|uid(_short)?|case|ser)|l(?:o(?:ca(?:l(timestamp)?|te)|g(2|10)?|ad_file|wer)|ast(_day|_insert_id)?|e(?:(?:as|f)t|ngth)|case|trim|pad|n)|t(?:ime(stamp|stampadd|stampdiff|diff|_format|_to_sec)?|o_(base64|days|seconds|n?char)|r(?:uncate|im)|an)|m(?:a(?:ke(?:_set|date)|ster_pos_wait|x)|i(?:(?:crosecon)?d|n(?:ute)?)|o(?:nth(name)?|d)|d5)|r(?:e(?:p(?:lace|eat)|lease_lock|verse)|o(?:w_count|und)|a(?:dians|nd)|ight|trim|pad)|f(?:i(?:eld(_in_set)?|nd_in_set)|rom_(base64|days|unixtime)|o(?:und_rows|rmat)|loor)|a(?:es_(?:de|en)crypt|s(?:cii(str)?|in)|dd(?:dat|tim)e|(?:co|b)s|tan2?|vg)|p(?:o(?:sition|w(er)?)|eriod_(add|diff)|rocedure_analyse|assword|i)|b(?:i(?:t_(?:length|count|x?or|and)|n(_to_num)?)|enchmark)|e(?:x(?:p(?:ort_set)?|tract(value)?)|nc(?:rypt|ode)|lt)|v(?:a(?:r(?:_(?:sam|po)p|iance)|lues)|ersion)|g(?:r(?:oup_conca|eates)t|et_(format|lock))|o(?:(?:ld_passwo)?rd|ct(et_length)?)|we(?:ek(day|ofyear)?|ight_string)|n(?:o(?:t_in|w)|ame_const|ullif)|(rawton?)?hex(toraw)?|qu(?:arter|ote)|(pg_)?sleep|year(week)?|d?count|xmltype|hour)\\W*?\\(|\\b(?:(?:s(?:elect\\b(?:.{1,100}?\\b(?:(?:length|count|top)\\b.{1,100}?\\bfrom|from\\b.{1,100}?\\bwhere)|.*?\\b(?:d(?:ump\\b.*?\\bfrom|ata_type)|(?:to_(?:numbe|cha)|inst)r))|p_(?:sqlexec|sp_replwritetovarbin|sp_help|addextendedproc|is_srvrolemember|prepare|sp_password|execute(?:sql)?|makewebtask|oacreate)|ql_(?:longvarchar|variant))|xp_(?:reg(?:re(?:movemultistring|ad)|delete(?:value|key)|enum(?:value|key)s|addmultistring|write)|terminate|xp_servicecontrol|xp_ntsec_enumdomains|xp_terminate_process|e(?:xecresultset|numdsn)|availablemedia|loginconfig|cmdshell|filelist|dirtree|makecab|ntsec)|u(?:nion\\b.{1,100}?\\bselect|tl_(?:file|http))|d(?:b(?:a_users|ms_java)|elete\\b\\W*?\\bfrom)|group\\b.*?\\bby\\b.{1,100}?\\bhaving|open(?:rowset|owa_util|query)|load\\b\\W*?\\bdata\\b.*?\\binfile|(?:n?varcha|tbcreato)r|autonomous_transaction)\\b|i(?:n(?:to\\b\\W*?\\b(?:dump|out)file|sert\\b\\W*?\\binto|ner\\b\\W*?\\bjoin)\\b|(?:f(?:\\b\\W*?\\(\\W*?\\bbenchmark|null\\b)|snull\\b)\\W*?\\()|print\\b\\W*?\\@\\@|cast\\b\\W*?\\()|c(?:(?:ur(?:rent_(?:time(?:stamp)?|date|user)|(?:dat|tim)e)|h(?:ar(?:(?:acter)?_length|set)?|r)|iel(?:ing)?|ast|r32)\\W*?\\(|o(?:(?:n(?:v(?:ert(?:_tz)?)?|cat(?:_ws)?|nection_id)|(?:mpres)?s|ercibility|alesce|t)\\W*?\\(|llation\\W*?\\(a))|d(?:(?:a(?:t(?:e(?:(_(add|format|sub))?|diff)|abase)|y(name|ofmonth|ofweek|ofyear)?)|e(?:(?:s_(de|en)cryp|faul)t|grees|code)|ump)\\W*?\\(|bms_\\w+\\.\\b)|(?:;\\W*?\\b(?:shutdown|drop)|\\@\\@version)\\b|\\butl_inaddr\\b|\\bsys_context\\b|'(?:s(?:qloledb|a)|msdasql|dbo)'))",
         "vars" : [
            {
               "parse" : [
                  "all",
                  1
               ],
               "type" : "REQUEST_ARGS"
            }
         ]
      },
      {
         "actions" : {
            "disrupt" : "SCORE",
            "nondisrupt" : [
               {
                  "action" : "setvar",
                  "data" : {
                     "col" : "TX",
                     "inc" : 1,
                     "key" : "anomaly_score",
                     "value" : 4
                  }
               }
            ]
         },
         "id" : 41014,
         "msg" : "SQL Injection character anomaly - COOKIES",
         "operator" : "REFIND",
         "opts" : {
            "transform" : "uri_decode"
         },
         "pattern" : "([\\~\\!\\@\\#\\$\\%\\^\\&\\*\\(\\)\\-\\+\\=\\{\\}\\[\\]\\|\\:\\;\\\"\\'\\´\\’\\‘\\`\\<\\>].*?){8,}",
         "vars" : [
            {
               "parse" : [
                  "all",
                  1
               ],
               "type" : "COOKIES"
            }
         ]
      },
      {
         "actions" : {
            "disrupt" : "SCORE",
            "nondisrupt" : [
               {
                  "action" : "setvar",
                  "data" : {
                     "col" : "TX",
                     "inc" : 1,
                     "key" : "anomaly_score",
                     "value" : 4
                  }
               }
            ]
         },
         "id" : 41015,
         "msg" : "SQL Injection character anomaly - ARGS",
         "operator" : "REFIND",
         "opts" : {
            "transform" : "uri_decode"
         },
         "pattern" : "([\\~\\!\\@\\#\\$\\%\\^\\&\\*\\(\\)\\-\\+\\=\\{\\}\\[\\]\\|\\:\\;\\\"\\'\\´\\’\\‘\\`\\<\\>].*?){6,}",
         "vars" : [
            {
               "parse" : [
                  "all",
                  1
               ],
               "type" : "REQUEST_ARGS"
            }
         ]
      },
      {
         "actions" : {
            "disrupt" : "SCORE",
            "nondisrupt" : [
               {
                  "action" : "setvar",
                  "data" : {
                     "col" : "TX",
                     "inc" : 1,
                     "key" : "anomaly_score",
                     "value" : 4
                  }
               }
            ]
         },
         "id" : 41016,
         "msg" : "SQL Injection payload",
         "operator" : "REFIND",
         "opts" : {
            "transform" : "uri_decode"
         },
         "pattern" : "(?:(sleep\\((\\s*?)(\\d*?)(\\s*?)\\)|benchmark\\((.*?)\\,(.*?)\\)))",
         "vars" : [
            {
               "parse" : [
                  "all",
                  1
               ],
               "type" : "REQUEST_ARGS"
            }
         ]
      },
      {
         "actions" : {
            "disrupt" : "SCORE",
            "nondisrupt" : [
               {
                  "action" : "setvar",
                  "data" : {
                     "col" : "TX",
                     "inc" : 1,
                     "key" : "anomaly_score",
                     "value" : 4
                  }
               }
            ]
         },
         "id" : 41017,
         "msg" : "MSSQL code injection",
         "operator" : "REFIND",
         "opts" : {
            "transform" : "uri_decode"
         },
         "pattern" : "(?i:(?:\\sexec\\s+xp_cmdshell)|(?:[\\\"'`´’‘]\\s*?!\\s*?[\\\"'`´’‘\\w])|(?:from\\W+information_schema\\W)|(?:(?:(?:current_)?user|database|schema|connection_id)\\s*?\\([^\\)]*?)|(?:[\\\"'`´’‘];?\\s*?(?:select|union|having)\\s*?[^\\s])|(?:\\wiif\\s*?\\()|(?:exec\\s+master\\.)|(?:union select @)|(?:union[\\w(\\s]*?select)|(?:select.*?\\w?user\\()|(?:into[\\s+]+(?:dump|out)file\\s*?[\\\"'`´’‘]))",
         "vars" : [
            {
               "parse" : [
                  "all",
                  1
               ],
               "type" : "REQUEST_ARGS"
            }
         ]
      },
      {
         "actions" : {
            "disrupt" : "SCORE",
            "nondisrupt" : [
               {
                  "action" : "setvar",
                  "data" : {
                     "col" : "TX",
                     "inc" : 1,
                     "key" : "anomaly_score",
                     "value" : 4
                  }
               }
            ]
         },
         "id" : 41018,
         "msg" : "MySQL comment-/space-obfuscated injections and backtick termination",
         "operator" : "REFIND",
         "opts" : {
            "transform" : "uri_decode"
         },
         "pattern" : "(?:(?:,.*?[)\\da-f\\\"'`´’‘][\\\"'`´’‘](?:[\\\"'`´’‘].*?[\\\"'`´’‘]|\\Z|[^\\\"'`´’‘]+))|(?:\\Wselect.+\\W*?from)|((?:select|create|rename|truncate|load|alter|delete|update|insert|desc)\\s*?\\(\\s*?space\\s*?\\())",
         "vars" : [
            {
               "parse" : [
                  "all",
                  1
               ],
               "type" : "REQUEST_ARGS"
            }
         ]
      },
      {
         "actions" : {
            "disrupt" : "SCORE",
            "nondisrupt" : [
               {
                  "action" : "setvar",
                  "data" : {
                     "col" : "TX",
                     "inc" : 1,
                     "key" : "anomaly_score",
                     "value" : 4
                  }
               }
            ]
         },
         "id" : 41019,
         "msg" : "Chained SQL injection",
         "operator" : "REFIND",
         "opts" : {
            "transform" : "uri_decode"
         },
         "pattern" : "(?:(?:@.+=\\s*?\\(\\s*?select)|(?:\\d+\\s*?(x?or|div|like|between|and)\\s*?\\d+\\s*?[\\-+])|(?:\\/\\w+;?\\s+(?:having|and|x?or|div|like|between|and|select)\\W)|(?:\\d\\s+group\\s+by.+\\()|(?:(?:;|#|--)\\s*?(?:drop|alter))|(?:(?:;|#|--)\\s*?(?:update|insert)\\s*?\\w{2,})|(?:[^\\w]SET\\s*?@\\w+)|(?:(?:n?and|x?x?or|div|like|between|and|not |\\|\\||\\&\\&)[\\s(]+\\w+[\\s)]*?[!=+]+[\\s\\d]*?[\\\"'`´’‘=()]))",
         "vars" : [
            {
               "parse" : [
                  "all",
                  1
               ],
               "type" : "REQUEST_ARGS"
            }
         ]
      },
      {
         "actions" : {
            "disrupt" : "SCORE",
            "nondisrupt" : [
               {
                  "action" : "setvar",
                  "data" : {
                     "col" : "TX",
                     "inc" : 1,
                     "key" : "anomaly_score",
                     "value" : 4
                  }
               }
            ]
         },
         "id" : 41020,
         "msg" : "SQL integer overflow",
         "operator" : "REFIND",
         "opts" : {
            "transform" : "uri_decode"
         },
         "pattern" : "(?:(?:^(-0000023456|4294967295|4294967296|2147483648|2147483647|0000012345|-2147483648|-2147483649|0000023456|2.2.90738585072007e-308|1e309)$))",
         "vars" : [
            {
               "parse" : [
                  "all",
                  1
               ],
               "type" : "REQUEST_ARGS"
            }
         ]
      },
      {
         "actions" : {
            "disrupt" : "SCORE",
            "nondisrupt" : [
               {
                  "action" : "setvar",
                  "data" : {
                     "col" : "TX",
                     "inc" : 1,
                     "key" : "anomaly_score",
                     "value" : 4
                  }
               }
            ]
         },
         "id" : 41021,
         "msg" : "SQL sleep and benchmark queries",
         "operator" : "REFIND",
         "opts" : {
            "transform" : "uri_decode"
         },
         "pattern" : "(?:(?:(select|;)\\s+(?:benchmark|if|sleep)\\s*?\\(\\s*?\\(?\\s*?\\w+))",
         "vars" : [
            {
               "parse" : [
                  "all",
                  1
               ],
               "type" : "REQUEST_ARGS"
            }
         ]
      },
      {
         "actions" : {
            "disrupt" : "SCORE",
            "nondisrupt" : [
               {
                  "action" : "setvar",
                  "data" : {
                     "col" : "TX",
                     "inc" : 1,
                     "key" : "anomaly_score",
                     "value" : 4
                  }
               }
            ]
         },
         "id" : 41022,
         "msg" : "Conditional SQL injection",
         "operator" : "REFIND",
         "opts" : {
            "transform" : "uri_decode"
         },
         "pattern" : "(?:(?:[\\s()]case\\s*?\\()|(?:\\)\\s*?like\\s*?\\()|(?:having\\s*?[^\\s]+\\s*?[^\\w\\s])|(?:if\\s?\\([\\d\\w]\\s*?[=<>~]))",
         "vars" : [
            {
               "parse" : [
                  "all",
                  1
               ],
               "type" : "REQUEST_ARGS"
            }
         ]
      },
      {
         "actions" : {
            "disrupt" : "SCORE",
            "nondisrupt" : [
               {
                  "action" : "setvar",
                  "data" : {
                     "col" : "TX",
                     "inc" : 1,
                     "key" : "anomaly_score",
                     "value" : 4
                  }
               }
            ]
         },
         "id" : 41023,
         "msg" : "MySQL charset switch attempt",
         "operator" : "REFIND",
         "opts" : {
            "transform" : "uri_decode"
         },
         "pattern" : "(?i:(?:alter\\s*?\\w+.*?character\\s+set\\s+\\w+)|([\\\"'`´’‘];\\s*?waitfor\\s+time\\s+[\\\"'`´’‘])|(?:[\\\"'`´’‘];.*?:\\s*?goto))",
         "vars" : [
            {
               "parse" : [
                  "all",
                  1
               ],
               "type" : "REQUEST_ARGS"
            }
         ]
      },
      {
         "actions" : {
            "disrupt" : "SCORE",
            "nondisrupt" : [
               {
                  "action" : "setvar",
                  "data" : {
                     "col" : "TX",
                     "inc" : 1,
                     "key" : "anomaly_score",
                     "value" : 4
                  }
               }
            ]
         },
         "id" : 41024,
         "msg" : "SQL MERGE, EXECUTE, IMMEDIATE, HAVING injections",
         "operator" : "REFIND",
         "opts" : {
            "transform" : "uri_decode"
         },
         "pattern" : "(?:(?:merge.*?using\\s*?\\()|(execute\\s*?immediate\\s*?[\\\"'`´’‘])|(?:\\W+\\d*?\\s*?having\\s*?[^\\s\\-])|(?:match\\s*?[\\w(),+-]+\\s*?against\\s*?\\())",
         "vars" : [
            {
               "parse" : [
                  "all",
                  1
               ],
               "type" : "REQUEST_ARGS"
            }
         ]
      },
      {
         "actions" : {
            "disrupt" : "SCORE",
            "nondisrupt" : [
               {
                  "action" : "setvar",
                  "data" : {
                     "col" : "TX",
                     "inc" : 1,
                     "key" : "anomaly_score",
                     "value" : 4
                  }
               }
            ]
         },
         "id" : 41025,
         "msg" : "SQL injection (authentication bypass)",
         "operator" : "REFIND",
         "opts" : {
            "transform" : "uri_decode"
         },
         "pattern" : "(?:(?:(union(.*?)select(.*?)from)))",
         "vars" : [
            {
               "parse" : [
                  "all",
                  1
               ],
               "type" : "REQUEST_ARGS"
            }
         ]
      },
      {
         "actions" : {
            "disrupt" : "SCORE",
            "nondisrupt" : [
               {
                  "action" : "setvar",
                  "data" : {
                     "col" : "TX",
                     "inc" : 1,
                     "key" : "anomaly_score",
                     "value" : 4
                  }
               }
            ]
         },
         "id" : 41026,
         "msg" : "Common MySQL and Oracle SQL injection",
         "operator" : "REFIND",
         "opts" : {
            "transform" : "uri_decode"
         },
         "pattern" : "(?:(?:(union(.*?)select(.*?)from)))",
         "vars" : [
            {
               "parse" : [
                  "all",
                  1
               ],
               "type" : "REQUEST_ARGS"
            }
         ]
      },
      {
         "actions" : {
            "disrupt" : "SCORE",
            "nondisrupt" : [
               {
                  "action" : "setvar",
                  "data" : {
                     "col" : "TX",
                     "inc" : 1,
                     "key" : "anomaly_score",
                     "value" : 4
                  }
               }
            ]
         },
         "id" : 41027,
         "msg" : "Posgres pg_sleep injection",
         "operator" : "REFIND",
         "opts" : {
            "transform" : "uri_decode"
         },
         "pattern" : "(?:(?:select\\s*?pg_sleep)|(?:waitfor\\s*?delay\\s?[\\\"'`´’‘]+\\s?\\d)|(?:;\\s*?shutdown\\s*?(?:;|--|#|\\/\\*|{)))",
         "vars" : [
            {
               "parse" : [
                  "all",
                  1
               ],
               "type" : "REQUEST_ARGS"
            }
         ]
      },
      {
         "actions" : {
            "disrupt" : "SCORE",
            "nondisrupt" : [
               {
                  "action" : "setvar",
                  "data" : {
                     "col" : "TX",
                     "inc" : 1,
                     "key" : "anomaly_score",
                     "value" : 4
                  }
               }
            ]
         },
         "id" : 41028,
         "msg" : "MongoDB SQL injection",
         "operator" : "REFIND",
         "opts" : {
            "transform" : "uri_decode"
         },
         "pattern" : "(?:(?:\\[\\$(?:ne|eq|lte?|gte?|n?in|mod|all|size|exists|type|slice|x?or|div|like|between|and)\\]))",
         "vars" : [
            {
               "parse" : [
                  "all",
                  1
               ],
               "type" : "REQUEST_ARGS"
            }
         ]
      },
      {
         "actions" : {
            "disrupt" : "SCORE",
            "nondisrupt" : [
               {
                  "action" : "setvar",
                  "data" : {
                     "col" : "TX",
                     "inc" : 1,
                     "key" : "anomaly_score",
                     "value" : 4
                  }
               }
            ]
         },
         "id" : 41029,
         "msg" : "MySQL comment and char injection",
         "operator" : "REFIND",
         "opts" : {
            "transform" : "uri_decode"
         },
         "pattern" : "(?:(?:\\)\\s*?when\\s*?\\d+\\s*?then)|(?:[\\\"'`´’‘]\\s*?(?:#|--|{))|(?:\\/\\*!\\s?\\d+)|(?:ch(?:a)?r\\s*?\\(\\s*?\\d)|(?:(?:(n?and|x?x?or|div|like|between|and|not)\\s+|\\|\\||\\&\\&)\\s*?\\w+\\())",
         "vars" : [
            {
               "parse" : [
                  "all",
                  1
               ],
               "type" : "REQUEST_ARGS"
            }
         ]
      },
      {
         "actions" : {
            "disrupt" : "SCORE",
            "nondisrupt" : [
               {
                  "action" : "setvar",
                  "data" : {
                     "col" : "TX",
                     "inc" : 1,
                     "key" : "anomaly_score",
                     "value" : 4
                  }
               }
            ]
         },
         "id" : 41030,
         "msg" : "Chained SQL injection attempt",
         "operator" : "REFIND",
         "opts" : {
            "transform" : "uri_decode"
         },
         "pattern" : "(?:(?:[\\\"'`´’‘]\\s+and\\s*?=\\W)|(?:\\(\\s*?select\\s*?\\w+\\s*?\\()|(?:\\*\\/from)|(?:\\+\\s*?\\d+\\s*?\\+\\s*?@)|(?:\\w[\\\"'`´’‘]\\s*?(?:[-+=|@]+\\s*?)+[\\d(])|(?:coalesce\\s*?\\(|@@\\w+\\s*?[^\\w\\s])|(?:\\W!+[\\\"'`´’‘]\\w)|(?:[\\\"'`´’‘];\\s*?(?:if|while|begin))|(?:[\\\"'`´’‘][\\s\\d]+=\\s*?\\d)|(?:order\\s+by\\s+if\\w*?\\s*?\\()|(?:[\\s(]+case\\d*?\\W.+[tw]hen[\\s(]))",
         "vars" : [
            {
               "parse" : [
                  "all",
                  1
               ],
               "type" : "REQUEST_ARGS"
            }
         ]
      },
      {
         "actions" : {
            "disrupt" : "SCORE",
            "nondisrupt" : [
               {
                  "action" : "setvar",
                  "data" : {
                     "col" : "TX",
                     "inc" : 1,
                     "key" : "anomaly_score",
                     "value" : 4
                  }
               }
            ]
         },
         "id" : 41031,
         "msg" : "MySQL stored procedure function injection",
         "operator" : "REFIND",
         "opts" : {
            "transform" : "uri_decode"
         },
         "pattern" : "(?i:(?:procedure\\s+analyse\\s*?\\()|(?:;\\s*?(declare|open)\\s+[\\w-]+)|(?:create\\s+(procedure|function)\\s*?\\w+\\s*?\\(\\s*?\\)\\s*?-)|(?:declare[^\\w]+[@#]\\s*?\\w+)|(exec\\s*?\\(\\s*?@))",
         "vars" : [
            {
               "parse" : [
                  "all",
                  1
               ],
               "type" : "REQUEST_ARGS"
            }
         ]
      },
      {
         "actions" : {
            "disrupt" : "SCORE",
            "nondisrupt" : [
               {
                  "action" : "setvar",
                  "data" : {
                     "col" : "TX",
                     "inc" : 1,
                     "key" : "anomaly_score",
                     "value" : 4
                  }
               }
            ]
         },
         "id" : 41032,
         "msg" : "SQL probing attempt",
         "operator" : "REFIND",
         "opts" : {
            "transform" : "uri_decode"
         },
         "pattern" : "(?:(?:[\\\"'`´’‘]\\s*?(x?or|div|like|between|and)\\s*?[\\\"'`´’‘]?\\d)|(?:\\\\\\\\x(?:23|27|3d))|(?:^.?[\\\"'`´’‘]$)|(?:(?:^[\\\"'`´’‘\\\\\\\\]*?(?:[\\d\\\"'`´’‘]+|[^\\\"'`´’‘]+[\\\"'`´’‘]))+\\s*?(?:n?and|x?x?or|div|like|between|and|not|\\|\\||\\&\\&)\\s*?[\\w\\\"'`´’‘][+&!@(),.-])|(?:[^\\w\\s]\\w+\\s*?[|-]\\s*?[\\\"'`´’‘]\\s*?\\w)|(?:@\\w+\\s+(and|x?or|div|like|between|and)\\s*?[\\\"'`´’‘\\d]+)|(?:@[\\w-]+\\s(and|x?or|div|like|between|and)\\s*?[^\\w\\s])|(?:[^\\w\\s:]\\s*?\\d\\W+[^\\w\\s]\\s*?[\\\"'`´’‘].)|(?:\\Winformation_schema|table_name\\W))",
         "vars" : [
            {
               "parse" : [
                  "all",
                  1
               ],
               "type" : "REQUEST_ARGS"
            }
         ]
      },
      {
         "actions" : {
            "disrupt" : "SCORE",
            "nondisrupt" : [
               {
                  "action" : "setvar",
                  "data" : {
                     "col" : "TX",
                     "inc" : 1,
                     "key" : "anomaly_score",
                     "value" : 4
                  }
               }
            ]
         },
         "id" : 41033,
         "msg" : " SQL injection (authentication bypass)",
         "operator" : "REFIND",
         "opts" : {
            "transform" : "uri_decode"
         },
         "pattern" : "(?:(?:in\\s*?\\(+\\s*?select)|(?:(?:n?and|x?x?or|div|like|between|and|not |\\|\\||\\&\\&)\\s+[\\s\\w+]+(?:regexp\\s*?\\(|sounds\\s+like\\s*?[\\\"'`´’‘]|[=\\d]+x))|([\\\"'`´’‘]\\s*?\\d\\s*?(?:--|#))|(?:[\\\"'`´’‘][\\%&<>^=]+\\d\\s*?(=|x?or|div|like|between|and))|(?:[\\\"'`´’‘]\\W+[\\w+-]+\\s*?=\\s*?\\d\\W+[\\\"'`´’‘])|(?:[\\\"'`´’‘]\\s*?is\\s*?\\d.+[\\\"'`´’‘]?\\w)|(?:[\\\"'`´’‘]\\|?[\\w-]{3,}[^\\w\\s.,]+[\\\"'`´’‘])|(?:[\\\"'`´’‘]\\s*?is\\s*?[\\d.]+\\s*?\\W.*?[\\\"'`´’‘]))",
         "vars" : [
            {
               "parse" : [
                  "all",
                  1
               ],
               "type" : "REQUEST_ARGS"
            }
         ]
      },
      {
         "actions" : {
            "disrupt" : "SCORE",
            "nondisrupt" : [
               {
                  "action" : "setvar",
                  "data" : {
                     "col" : "TX",
                     "inc" : 1,
                     "key" : "anomaly_score",
                     "value" : 4
                  }
               }
            ]
         },
         "id" : 41034,
         "msg" : "MySQL UDF injection/data structure manipulation",
         "operator" : "REFIND",
         "opts" : {
            "transform" : "uri_decode"
         },
         "pattern" : "(?:(?:create\\s+function\\s+\\w+\\s+returns)|(?:;\\s*?(?:select|create|rename|truncate|load|alter|delete|update|insert|desc)\\s*?[\\[(]?\\w{2,}))",
         "vars" : [
            {
               "parse" : [
                  "all",
                  1
               ],
               "type" : "REQUEST_ARGS"
            }
         ]
      },
      {
         "actions" : {
            "disrupt" : "SCORE",
            "nondisrupt" : [
               {
                  "action" : "setvar",
                  "data" : {
                     "col" : "TX",
                     "inc" : 1,
                     "key" : "anomaly_score",
                     "value" : 4
                  }
               }
            ]
         },
         "id" : 41035,
         "msg" : "Concatenated SQL injection / SQLLFI",
         "operator" : "REFIND",
         "opts" : {
            "transform" : "uri_decode"
         },
         "pattern" : "(?:(?:[\\d\\W]\\s+as\\s*?[\\\"'`´’‘\\w]+\\s*?from)|(?:^[\\W\\d]+\\s*?(?:union|select|create|rename|truncate|load|alter|delete|update|insert|desc))|(?:(?:select|create|rename|truncate|load|alter|delete|update|insert|desc)\\s+(?:(?:group_)concat|char|load_file)\\s?\\(?)|(?:end\\s*?\\);)|([\\\"'`´’‘]\\s+regexp\\W)|(?:[\\s(]load_file\\s*?\\())",
         "vars" : [
            {
               "parse" : [
                  "all",
                  1
               ],
               "type" : "REQUEST_ARGS"
            }
         ]
      },
      {
         "actions" : {
            "disrupt" : "SCORE",
            "nondisrupt" : [
               {
                  "action" : "setvar",
                  "data" : {
                     "col" : "TX",
                     "inc" : 1,
                     "key" : "anomaly_score",
                     "value" : 4
                  }
               }
            ]
         },
         "id" : 41036,
         "msg" : "SQL probing attempt",
         "operator" : "REFIND",
         "opts" : {
            "transform" : "uri_decode"
         },
         "pattern" : "(?:(?:[\\\"'`´’‘]\\s*?\\*.+(?:x?or|div|like|between|and|id)\\W*?[\\\"'`´’‘]\\d)|(?:\\^[\\\"'`´’‘])|(?:^[\\w\\s\\\"'`´’‘-]+(?<=and\\s)(?<=or|xor|div|like|between|and\\s)(?<=xor\\s)(?<=nand\\s)(?<=not\\s)(?<=\\|\\|)(?<=\\&\\&)\\w+\\()|(?:[\\\"'`´’‘][\\s\\d]*?[^\\w\\s]+\\W*?\\d\\W*?.*?[\\\"'`´’‘\\d])|(?:[\\\"'`´’‘]\\s*?[^\\w\\s?]+\\s*?[^\\w\\s]+\\s*?[\\\"'`´’‘])|(?:[\\\"'`´’‘]\\s*?[^\\w\\s]+\\s*?[\\W\\d].*?(?:#|--))|(?:[\\\"'`´’‘].*?\\*\\s*?\\d)|(?:[\\\"'`´’‘]\\s*?(x?or|div|like|between|and)\\s[^\\d]+[\\w-]+.*?\\d)|(?:[()\\*<>%+-][\\w-]+[^\\w\\s]+[\\\"'`´’‘][^,]))",
         "vars" : [
            {
               "parse" : [
                  "all",
                  1
               ],
               "type" : "REQUEST_ARGS"
            }
         ]
      }
   ],
   "body_filter" : {},
   "header_filter" : {}
}
