{
   "access" : [
      {
         "actions" : {},
         "id" : 42001,
         "msg" : "Preliminary XSS check",
         "op_negated" : 1,
         "operator" : "PM",
         "opts" : {
            "nolog" : true
         },
         "pattern" : [
            "jscript",
            "onsubmit",
            "copyparentfolder",
            "document",
            "javascript",
            "meta",
            "onchange",
            "onmove",
            "onkeydown",
            "onkeyup",
            "activexobject",
            "onerror",
            "onmouseup",
            "ecmascript",
            "bexpression",
            "onmouseover",
            "vbscript:",
            "<![cdata[",
            "http:",
            ".innerhtml",
            "settimeout",
            "shell:",
            "onabort",
            "asfunction:",
            "onkeypress",
            "onmousedown",
            "onclick",
            ".fromcharcode",
            "background-image:",
            "x-javascript",
            "ondragdrop",
            "onblur",
            "mocha:",
            "javascript:",
            "onfocus",
            "lowsrc",
            "getparentfolder",
            "onresize",
            "@import",
            "alert",
            "script",
            "onselect",
            "onmouseout",
            "application",
            "onmousemove",
            "background",
            ".execscript",
            "livescript:",
            "vbscript",
            "getspecialfolder",
            ".addimport",
            "iframe",
            "onunload",
            "createtextrange",
            "<input",
            "onload"
         ],
         "skip" : 67,
         "vars" : [
            {
               "parse" : [
                  "all",
                  1
               ],
               "type" : "REQUEST_ARGS"
            }
         ]
      },
      {
         "actions" : {
            "disrupt" : "SCORE",
            "nondisrupt" : [
               {
                  "action" : "setvar",
                  "data" : {
                     "col" : "TX",
                     "inc" : 1,
                     "key" : "anomaly_score",
                     "value" : 4
                  }
               }
            ]
         },
         "id" : 42002,
         "msg" : "XSS (Cross-Site Scripting)",
         "operator" : "REFIND",
         "opts" : {
            "transform" : [
               "html_decode",
               "compress_whitespace"
            ]
         },
         "pattern" : "\\bgetparentfolder\\b",
         "vars" : [
            {
               "parse" : [
                  "all",
                  1
               ],
               "type" : "REQUEST_ARGS"
            }
         ]
      },
      {
         "actions" : {
            "disrupt" : "SCORE",
            "nondisrupt" : [
               {
                  "action" : "setvar",
                  "data" : {
                     "col" : "TX",
                     "inc" : 1,
                     "key" : "anomaly_score",
                     "value" : 4
                  }
               }
            ]
         },
         "id" : 42003,
         "msg" : "XSS (Cross-Site Scripting)",
         "operator" : "REFIND",
         "opts" : {
            "transform" : [
               "html_decode",
               "compress_whitespace"
            ]
         },
         "pattern" : "\\bonmousedown\\b\\W*?\\=",
         "vars" : [
            {
               "parse" : [
                  "all",
                  1
               ],
               "type" : "REQUEST_ARGS"
            }
         ]
      },
      {
         "actions" : {
            "disrupt" : "SCORE",
            "nondisrupt" : [
               {
                  "action" : "setvar",
                  "data" : {
                     "col" : "TX",
                     "inc" : 1,
                     "key" : "anomaly_score",
                     "value" : 4
                  }
               }
            ]
         },
         "id" : 42004,
         "msg" : "XSS (Cross-Site Scripting)",
         "operator" : "REFIND",
         "opts" : {
            "transform" : [
               "html_decode",
               "compress_whitespace"
            ]
         },
         "pattern" : "\\bsrc\\b\\W*?\\bshell:",
         "vars" : [
            {
               "parse" : [
                  "all",
                  1
               ],
               "type" : "REQUEST_ARGS"
            }
         ]
      },
      {
         "actions" : {
            "disrupt" : "SCORE",
            "nondisrupt" : [
               {
                  "action" : "setvar",
                  "data" : {
                     "col" : "TX",
                     "inc" : 1,
                     "key" : "anomaly_score",
                     "value" : 4
                  }
               }
            ]
         },
         "id" : 42005,
         "msg" : "XSS (Cross-Site Scripting)",
         "operator" : "REFIND",
         "opts" : {
            "transform" : [
               "html_decode",
               "compress_whitespace"
            ]
         },
         "pattern" : "\\bmocha:",
         "vars" : [
            {
               "parse" : [
                  "all",
                  1
               ],
               "type" : "REQUEST_ARGS"
            }
         ]
      },
      {
         "actions" : {
            "disrupt" : "SCORE",
            "nondisrupt" : [
               {
                  "action" : "setvar",
                  "data" : {
                     "col" : "TX",
                     "inc" : 1,
                     "key" : "anomaly_score",
                     "value" : 4
                  }
               }
            ]
         },
         "id" : 42006,
         "msg" : "XSS (Cross-Site Scripting)",
         "operator" : "REFIND",
         "opts" : {
            "transform" : [
               "html_decode",
               "compress_whitespace"
            ]
         },
         "pattern" : "\\bonabort\\b",
         "vars" : [
            {
               "parse" : [
                  "all",
                  1
               ],
               "type" : "REQUEST_ARGS"
            }
         ]
      },
      {
         "actions" : {
            "disrupt" : "SCORE",
            "nondisrupt" : [
               {
                  "action" : "setvar",
                  "data" : {
                     "col" : "TX",
                     "inc" : 1,
                     "key" : "anomaly_score",
                     "value" : 4
                  }
               }
            ]
         },
         "id" : 42007,
         "msg" : "XSS (Cross-Site Scripting)",
         "operator" : "REFIND",
         "opts" : {
            "transform" : [
               "html_decode",
               "compress_whitespace"
            ]
         },
         "pattern" : "\\blowsrc\\b\\W*?\\bhttp:",
         "vars" : [
            {
               "parse" : [
                  "all",
                  1
               ],
               "type" : "REQUEST_ARGS"
            }
         ]
      },
      {
         "actions" : {
            "disrupt" : "SCORE",
            "nondisrupt" : [
               {
                  "action" : "setvar",
                  "data" : {
                     "col" : "TX",
                     "inc" : 1,
                     "key" : "anomaly_score",
                     "value" : 4
                  }
               }
            ]
         },
         "id" : 42008,
         "msg" : "XSS (Cross-Site Scripting)",
         "operator" : "REFIND",
         "opts" : {
            "transform" : [
               "html_decode",
               "compress_whitespace"
            ]
         },
         "pattern" : "\\bonmouseup\\b\\W*?\\=",
         "vars" : [
            {
               "parse" : [
                  "all",
                  1
               ],
               "type" : "REQUEST_ARGS"
            }
         ]
      },
      {
         "actions" : {
            "disrupt" : "SCORE",
            "nondisrupt" : [
               {
                  "action" : "setvar",
                  "data" : {
                     "col" : "TX",
                     "inc" : 1,
                     "key" : "anomaly_score",
                     "value" : 4
                  }
               }
            ]
         },
         "id" : 42009,
         "msg" : "XSS (Cross-Site Scripting)",
         "operator" : "REFIND",
         "opts" : {
            "transform" : [
               "html_decode",
               "compress_whitespace"
            ]
         },
         "pattern" : "\\bstyle\\b\\W*\\=.*\\bexpression\\b\\W*\\(",
         "vars" : [
            {
               "parse" : [
                  "all",
                  1
               ],
               "type" : "REQUEST_ARGS"
            }
         ]
      },
      {
         "actions" : {
            "disrupt" : "SCORE",
            "nondisrupt" : [
               {
                  "action" : "setvar",
                  "data" : {
                     "col" : "TX",
                     "inc" : 1,
                     "key" : "anomaly_score",
                     "value" : 4
                  }
               }
            ]
         },
         "id" : 42010,
         "msg" : "XSS (Cross-Site Scripting)",
         "operator" : "REFIND",
         "opts" : {
            "transform" : [
               "html_decode",
               "compress_whitespace"
            ]
         },
         "pattern" : "\\bhref\\b\\W*?\\bshell:",
         "vars" : [
            {
               "parse" : [
                  "all",
                  1
               ],
               "type" : "REQUEST_ARGS"
            }
         ]
      },
      {
         "actions" : {
            "disrupt" : "SCORE",
            "nondisrupt" : [
               {
                  "action" : "setvar",
                  "data" : {
                     "col" : "TX",
                     "inc" : 1,
                     "key" : "anomaly_score",
                     "value" : 4
                  }
               }
            ]
         },
         "id" : 42011,
         "msg" : "XSS (Cross-Site Scripting)",
         "operator" : "REFIND",
         "opts" : {
            "transform" : [
               "html_decode",
               "compress_whitespace"
            ]
         },
         "pattern" : "\\bcreatetextrange\\b",
         "vars" : [
            {
               "parse" : [
                  "all",
                  1
               ],
               "type" : "REQUEST_ARGS"
            }
         ]
      },
      {
         "actions" : {
            "disrupt" : "SCORE",
            "nondisrupt" : [
               {
                  "action" : "setvar",
                  "data" : {
                     "col" : "TX",
                     "inc" : 1,
                     "key" : "anomaly_score",
                     "value" : 4
                  }
               }
            ]
         },
         "id" : 42012,
         "msg" : "XSS (Cross-Site Scripting)",
         "operator" : "REFIND",
         "opts" : {
            "transform" : [
               "html_decode",
               "compress_whitespace"
            ]
         },
         "pattern" : "\\bondragdrop\\b\\W*?\\=",
         "vars" : [
            {
               "parse" : [
                  "all",
                  1
               ],
               "type" : "REQUEST_ARGS"
            }
         ]
      },
      {
         "actions" : {
            "disrupt" : "SCORE",
            "nondisrupt" : [
               {
                  "action" : "setvar",
                  "data" : {
                     "col" : "TX",
                     "inc" : 1,
                     "key" : "anomaly_score",
                     "value" : 4
                  }
               }
            ]
         },
         "id" : 42013,
         "msg" : "XSS (Cross-Site Scripting)",
         "operator" : "REFIND",
         "opts" : {
            "transform" : [
               "html_decode",
               "compress_whitespace"
            ]
         },
         "pattern" : "\\bcopyparentfolder\\b",
         "vars" : [
            {
               "parse" : [
                  "all",
                  1
               ],
               "type" : "REQUEST_ARGS"
            }
         ]
      },
      {
         "actions" : {
            "disrupt" : "SCORE",
            "nondisrupt" : [
               {
                  "action" : "setvar",
                  "data" : {
                     "col" : "TX",
                     "inc" : 1,
                     "key" : "anomaly_score",
                     "value" : 4
                  }
               }
            ]
         },
         "id" : 42014,
         "msg" : "XSS (Cross-Site Scripting)",
         "operator" : "REFIND",
         "opts" : {
            "transform" : [
               "html_decode",
               "compress_whitespace"
            ]
         },
         "pattern" : "\\bonunload\\b\\W*?\\=",
         "vars" : [
            {
               "parse" : [
                  "all",
                  1
               ],
               "type" : "REQUEST_ARGS"
            }
         ]
      },
      {
         "actions" : {
            "disrupt" : "SCORE",
            "nondisrupt" : [
               {
                  "action" : "setvar",
                  "data" : {
                     "col" : "TX",
                     "inc" : 1,
                     "key" : "anomaly_score",
                     "value" : 4
                  }
               }
            ]
         },
         "id" : 42015,
         "msg" : "XSS (Cross-Site Scripting)",
         "operator" : "REFIND",
         "opts" : {
            "transform" : [
               "html_decode",
               "compress_whitespace"
            ]
         },
         "pattern" : "\\.execscript\\b",
         "vars" : [
            {
               "parse" : [
                  "all",
                  1
               ],
               "type" : "REQUEST_ARGS"
            }
         ]
      },
      {
         "actions" : {
            "disrupt" : "SCORE",
            "nondisrupt" : [
               {
                  "action" : "setvar",
                  "data" : {
                     "col" : "TX",
                     "inc" : 1,
                     "key" : "anomaly_score",
                     "value" : 4
                  }
               }
            ]
         },
         "id" : 42016,
         "msg" : "XSS (Cross-Site Scripting)",
         "operator" : "REFIND",
         "opts" : {
            "transform" : [
               "html_decode",
               "compress_whitespace"
            ]
         },
         "pattern" : "\\bgetspecialfolder\\b",
         "vars" : [
            {
               "parse" : [
                  "all",
                  1
               ],
               "type" : "REQUEST_ARGS"
            }
         ]
      },
      {
         "actions" : {
            "disrupt" : "SCORE",
            "nondisrupt" : [
               {
                  "action" : "setvar",
                  "data" : {
                     "col" : "TX",
                     "inc" : 1,
                     "key" : "anomaly_score",
                     "value" : 4
                  }
               }
            ]
         },
         "id" : 42017,
         "msg" : "XSS (Cross-Site Scripting)",
         "operator" : "REFIND",
         "opts" : {
            "transform" : [
               "html_decode",
               "compress_whitespace"
            ]
         },
         "pattern" : "<body\\b.*?\\bonload\\b",
         "vars" : [
            {
               "parse" : [
                  "all",
                  1
               ],
               "type" : "REQUEST_ARGS"
            }
         ]
      },
      {
         "actions" : {
            "disrupt" : "SCORE",
            "nondisrupt" : [
               {
                  "action" : "setvar",
                  "data" : {
                     "col" : "TX",
                     "inc" : 1,
                     "key" : "anomaly_score",
                     "value" : 4
                  }
               }
            ]
         },
         "id" : 42018,
         "msg" : "XSS (Cross-Site Scripting)",
         "operator" : "REFIND",
         "opts" : {
            "transform" : [
               "html_decode",
               "compress_whitespace"
            ]
         },
         "pattern" : "\\burl\\b\\W*?\\bvbscript:",
         "vars" : [
            {
               "parse" : [
                  "all",
                  1
               ],
               "type" : "REQUEST_ARGS"
            }
         ]
      },
      {
         "actions" : {
            "disrupt" : "SCORE",
            "nondisrupt" : [
               {
                  "action" : "setvar",
                  "data" : {
                     "col" : "TX",
                     "inc" : 1,
                     "key" : "anomaly_score",
                     "value" : 4
                  }
               }
            ]
         },
         "id" : 42019,
         "msg" : "XSS (Cross-Site Scripting)",
         "operator" : "REFIND",
         "opts" : {
            "transform" : [
               "html_decode",
               "compress_whitespace"
            ]
         },
         "pattern" : "\\bonkeydown\\b\\W*?\\=",
         "vars" : [
            {
               "parse" : [
                  "all",
                  1
               ],
               "type" : "REQUEST_ARGS"
            }
         ]
      },
      {
         "actions" : {
            "disrupt" : "SCORE",
            "nondisrupt" : [
               {
                  "action" : "setvar",
                  "data" : {
                     "col" : "TX",
                     "inc" : 1,
                     "key" : "anomaly_score",
                     "value" : 4
                  }
               }
            ]
         },
         "id" : 42020,
         "msg" : "XSS (Cross-Site Scripting)",
         "operator" : "REFIND",
         "opts" : {
            "transform" : [
               "html_decode",
               "compress_whitespace"
            ]
         },
         "pattern" : "\\bonmousemove\\b\\W*?\\=",
         "vars" : [
            {
               "parse" : [
                  "all",
                  1
               ],
               "type" : "REQUEST_ARGS"
            }
         ]
      },
      {
         "actions" : {
            "disrupt" : "SCORE",
            "nondisrupt" : [
               {
                  "action" : "setvar",
                  "data" : {
                     "col" : "TX",
                     "inc" : 1,
                     "key" : "anomaly_score",
                     "value" : 4
                  }
               }
            ]
         },
         "id" : 42021,
         "msg" : "XSS (Cross-Site Scripting)",
         "operator" : "REFIND",
         "opts" : {
            "transform" : [
               "html_decode",
               "compress_whitespace"
            ]
         },
         "pattern" : "\\blivescript:",
         "vars" : [
            {
               "parse" : [
                  "all",
                  1
               ],
               "type" : "REQUEST_ARGS"
            }
         ]
      },
      {
         "actions" : {
            "disrupt" : "SCORE",
            "nondisrupt" : [
               {
                  "action" : "setvar",
                  "data" : {
                     "col" : "TX",
                     "inc" : 1,
                     "key" : "anomaly_score",
                     "value" : 4
                  }
               }
            ]
         },
         "id" : 42022,
         "msg" : "XSS (Cross-Site Scripting)",
         "operator" : "REFIND",
         "opts" : {
            "transform" : [
               "html_decode",
               "compress_whitespace"
            ]
         },
         "pattern" : "\\bonblur\\b\\W*?\\=",
         "vars" : [
            {
               "parse" : [
                  "all",
                  1
               ],
               "type" : "REQUEST_ARGS"
            }
         ]
      },
      {
         "actions" : {
            "disrupt" : "SCORE",
            "nondisrupt" : [
               {
                  "action" : "setvar",
                  "data" : {
                     "col" : "TX",
                     "inc" : 1,
                     "key" : "anomaly_score",
                     "value" : 4
                  }
               }
            ]
         },
         "id" : 42023,
         "msg" : "XSS (Cross-Site Scripting)",
         "operator" : "REFIND",
         "opts" : {
            "transform" : [
               "html_decode",
               "compress_whitespace"
            ]
         },
         "pattern" : "\\bonmove\\b\\W*?\\=",
         "vars" : [
            {
               "parse" : [
                  "all",
                  1
               ],
               "type" : "REQUEST_ARGS"
            }
         ]
      },
      {
         "actions" : {
            "disrupt" : "SCORE",
            "nondisrupt" : [
               {
                  "action" : "setvar",
                  "data" : {
                     "col" : "TX",
                     "inc" : 1,
                     "key" : "anomaly_score",
                     "value" : 4
                  }
               }
            ]
         },
         "id" : 42024,
         "msg" : "XSS (Cross-Site Scripting)",
         "operator" : "REFIND",
         "opts" : {
            "transform" : [
               "html_decode",
               "compress_whitespace"
            ]
         },
         "pattern" : "\\bsettimeout\\b\\W*?\\(",
         "vars" : [
            {
               "parse" : [
                  "all",
                  1
               ],
               "type" : "REQUEST_ARGS"
            }
         ]
      },
      {
         "actions" : {
            "disrupt" : "SCORE",
            "nondisrupt" : [
               {
                  "action" : "setvar",
                  "data" : {
                     "col" : "TX",
                     "inc" : 1,
                     "key" : "anomaly_score",
                     "value" : 4
                  }
               }
            ]
         },
         "id" : 42025,
         "msg" : "XSS (Cross-Site Scripting)",
         "operator" : "REFIND",
         "opts" : {
            "transform" : [
               "html_decode",
               "compress_whitespace"
            ]
         },
         "pattern" : "< ?iframe",
         "vars" : [
            {
               "parse" : [
                  "all",
                  1
               ],
               "type" : "REQUEST_ARGS"
            }
         ]
      },
      {
         "actions" : {
            "disrupt" : "SCORE",
            "nondisrupt" : [
               {
                  "action" : "setvar",
                  "data" : {
                     "col" : "TX",
                     "inc" : 1,
                     "key" : "anomaly_score",
                     "value" : 4
                  }
               }
            ]
         },
         "id" : 42026,
         "msg" : "XSS (Cross-Site Scripting)",
         "operator" : "REFIND",
         "opts" : {
            "transform" : [
               "html_decode",
               "compress_whitespace"
            ]
         },
         "pattern" : "\\bsrc\\b\\W*?\\bjavascript:",
         "vars" : [
            {
               "parse" : [
                  "all",
                  1
               ],
               "type" : "REQUEST_ARGS"
            }
         ]
      },
      {
         "actions" : {
            "disrupt" : "SCORE",
            "nondisrupt" : [
               {
                  "action" : "setvar",
                  "data" : {
                     "col" : "TX",
                     "inc" : 1,
                     "key" : "anomaly_score",
                     "value" : 4
                  }
               }
            ]
         },
         "id" : 42027,
         "msg" : "XSS (Cross-Site Scripting)",
         "operator" : "REFIND",
         "opts" : {
            "transform" : [
               "html_decode",
               "compress_whitespace"
            ]
         },
         "pattern" : "<body\\b.*?\\bbackground\\b",
         "vars" : [
            {
               "parse" : [
                  "all",
                  1
               ],
               "type" : "REQUEST_ARGS"
            }
         ]
      },
      {
         "actions" : {
            "disrupt" : "SCORE",
            "nondisrupt" : [
               {
                  "action" : "setvar",
                  "data" : {
                     "col" : "TX",
                     "inc" : 1,
                     "key" : "anomaly_score",
                     "value" : 4
                  }
               }
            ]
         },
         "id" : 42028,
         "msg" : "XSS (Cross-Site Scripting)",
         "operator" : "REFIND",
         "opts" : {
            "transform" : [
               "html_decode",
               "compress_whitespace"
            ]
         },
         "pattern" : "\\bsrc\\b\\W*?\\bvbscript:",
         "vars" : [
            {
               "parse" : [
                  "all",
                  1
               ],
               "type" : "REQUEST_ARGS"
            }
         ]
      },
      {
         "actions" : {
            "disrupt" : "SCORE",
            "nondisrupt" : [
               {
                  "action" : "setvar",
                  "data" : {
                     "col" : "TX",
                     "inc" : 1,
                     "key" : "anomaly_score",
                     "value" : 4
                  }
               }
            ]
         },
         "id" : 42029,
         "msg" : "XSS (Cross-Site Scripting)",
         "operator" : "REFIND",
         "opts" : {
            "transform" : [
               "html_decode",
               "compress_whitespace"
            ]
         },
         "pattern" : "\\btype\\b\\W*?\\btext\\b\\W*?\\becmascript\\b",
         "vars" : [
            {
               "parse" : [
                  "all",
                  1
               ],
               "type" : "REQUEST_ARGS"
            }
         ]
      },
      {
         "actions" : {
            "disrupt" : "SCORE",
            "nondisrupt" : [
               {
                  "action" : "setvar",
                  "data" : {
                     "col" : "TX",
                     "inc" : 1,
                     "key" : "anomaly_score",
                     "value" : 4
                  }
               }
            ]
         },
         "id" : 42030,
         "msg" : "XSS (Cross-Site Scripting)",
         "operator" : "REFIND",
         "opts" : {
            "transform" : [
               "html_decode",
               "compress_whitespace"
            ]
         },
         "pattern" : "\\bonfocus\\b\\W*?\\=",
         "vars" : [
            {
               "parse" : [
                  "all",
                  1
               ],
               "type" : "REQUEST_ARGS"
            }
         ]
      },
      {
         "actions" : {
            "disrupt" : "SCORE",
            "nondisrupt" : [
               {
                  "action" : "setvar",
                  "data" : {
                     "col" : "TX",
                     "inc" : 1,
                     "key" : "anomaly_score",
                     "value" : 4
                  }
               }
            ]
         },
         "id" : 42031,
         "msg" : "XSS (Cross-Site Scripting)",
         "operator" : "REFIND",
         "opts" : {
            "transform" : [
               "html_decode",
               "compress_whitespace"
            ]
         },
         "pattern" : "\\bdocument\\b\\s*\\.\\s*\\bcookie\\b",
         "vars" : [
            {
               "parse" : [
                  "all",
                  1
               ],
               "type" : "REQUEST_ARGS"
            }
         ]
      },
      {
         "actions" : {
            "disrupt" : "SCORE",
            "nondisrupt" : [
               {
                  "action" : "setvar",
                  "data" : {
                     "col" : "TX",
                     "inc" : 1,
                     "key" : "anomaly_score",
                     "value" : 4
                  }
               }
            ]
         },
         "id" : 42032,
         "msg" : "XSS (Cross-Site Scripting)",
         "operator" : "REFIND",
         "opts" : {
            "transform" : [
               "html_decode",
               "compress_whitespace"
            ]
         },
         "pattern" : "\\<\\!\\[cdata\\[",
         "vars" : [
            {
               "parse" : [
                  "all",
                  1
               ],
               "type" : "REQUEST_ARGS"
            }
         ]
      },
      {
         "actions" : {
            "disrupt" : "SCORE",
            "nondisrupt" : [
               {
                  "action" : "setvar",
                  "data" : {
                     "col" : "TX",
                     "inc" : 1,
                     "key" : "anomaly_score",
                     "value" : 4
                  }
               }
            ]
         },
         "id" : 42033,
         "msg" : "XSS (Cross-Site Scripting)",
         "operator" : "REFIND",
         "opts" : {
            "transform" : [
               "html_decode",
               "compress_whitespace"
            ]
         },
         "pattern" : "\\bonerror\\b\\W*?\\=",
         "vars" : [
            {
               "parse" : [
                  "all",
                  1
               ],
               "type" : "REQUEST_ARGS"
            }
         ]
      },
      {
         "actions" : {
            "disrupt" : "SCORE",
            "nondisrupt" : [
               {
                  "action" : "setvar",
                  "data" : {
                     "col" : "TX",
                     "inc" : 1,
                     "key" : "anomaly_score",
                     "value" : 4
                  }
               }
            ]
         },
         "id" : 42034,
         "msg" : "XSS (Cross-Site Scripting)",
         "operator" : "REFIND",
         "opts" : {
            "transform" : [
               "html_decode",
               "compress_whitespace"
            ]
         },
         "pattern" : "\\blowsrc\\b\\W*?\\bjavascript:",
         "vars" : [
            {
               "parse" : [
                  "all",
                  1
               ],
               "type" : "REQUEST_ARGS"
            }
         ]
      },
      {
         "actions" : {
            "disrupt" : "SCORE",
            "nondisrupt" : [
               {
                  "action" : "setvar",
                  "data" : {
                     "col" : "TX",
                     "inc" : 1,
                     "key" : "anomaly_score",
                     "value" : 4
                  }
               }
            ]
         },
         "id" : 42035,
         "msg" : "XSS (Cross-Site Scripting)",
         "operator" : "REFIND",
         "opts" : {
            "transform" : [
               "html_decode",
               "compress_whitespace"
            ]
         },
         "pattern" : "\\bactivexobject\\b",
         "vars" : [
            {
               "parse" : [
                  "all",
                  1
               ],
               "type" : "REQUEST_ARGS"
            }
         ]
      },
      {
         "actions" : {
            "disrupt" : "SCORE",
            "nondisrupt" : [
               {
                  "action" : "setvar",
                  "data" : {
                     "col" : "TX",
                     "inc" : 1,
                     "key" : "anomaly_score",
                     "value" : 4
                  }
               }
            ]
         },
         "id" : 42036,
         "msg" : "XSS (Cross-Site Scripting)",
         "operator" : "REFIND",
         "opts" : {
            "transform" : [
               "html_decode",
               "compress_whitespace"
            ]
         },
         "pattern" : "\\bonkeypress\\b\\W*?\\=",
         "vars" : [
            {
               "parse" : [
                  "all",
                  1
               ],
               "type" : "REQUEST_ARGS"
            }
         ]
      },
      {
         "actions" : {
            "disrupt" : "SCORE",
            "nondisrupt" : [
               {
                  "action" : "setvar",
                  "data" : {
                     "col" : "TX",
                     "inc" : 1,
                     "key" : "anomaly_score",
                     "value" : 4
                  }
               }
            ]
         },
         "id" : 42037,
         "msg" : "XSS (Cross-Site Scripting)",
         "operator" : "REFIND",
         "opts" : {
            "transform" : [
               "html_decode",
               "compress_whitespace"
            ]
         },
         "pattern" : "\\bonsubmit\\b\\W*?\\=",
         "vars" : [
            {
               "parse" : [
                  "all",
                  1
               ],
               "type" : "REQUEST_ARGS"
            }
         ]
      },
      {
         "actions" : {
            "disrupt" : "SCORE",
            "nondisrupt" : [
               {
                  "action" : "setvar",
                  "data" : {
                     "col" : "TX",
                     "inc" : 1,
                     "key" : "anomaly_score",
                     "value" : 4
                  }
               }
            ]
         },
         "id" : 42038,
         "msg" : "XSS (Cross-Site Scripting)",
         "operator" : "REFIND",
         "opts" : {
            "transform" : [
               "html_decode",
               "compress_whitespace"
            ]
         },
         "pattern" : "\\btype\\b\\W*?\\bapplication\\b\\W*?\\bx-javascript\\b",
         "vars" : [
            {
               "parse" : [
                  "all",
                  1
               ],
               "type" : "REQUEST_ARGS"
            }
         ]
      },
      {
         "actions" : {
            "disrupt" : "SCORE",
            "nondisrupt" : [
               {
                  "action" : "setvar",
                  "data" : {
                     "col" : "TX",
                     "inc" : 1,
                     "key" : "anomaly_score",
                     "value" : 4
                  }
               }
            ]
         },
         "id" : 42039,
         "msg" : "XSS (Cross-Site Scripting)",
         "operator" : "REFIND",
         "opts" : {
            "transform" : [
               "html_decode",
               "compress_whitespace"
            ]
         },
         "pattern" : "\\.addimport\\b",
         "vars" : [
            {
               "parse" : [
                  "all",
                  1
               ],
               "type" : "REQUEST_ARGS"
            }
         ]
      },
      {
         "actions" : {
            "disrupt" : "SCORE",
            "nondisrupt" : [
               {
                  "action" : "setvar",
                  "data" : {
                     "col" : "TX",
                     "inc" : 1,
                     "key" : "anomaly_score",
                     "value" : 4
                  }
               }
            ]
         },
         "id" : 42040,
         "msg" : "XSS (Cross-Site Scripting)",
         "operator" : "REFIND",
         "opts" : {
            "transform" : [
               "html_decode",
               "compress_whitespace"
            ]
         },
         "pattern" : "\\bhref\\b\\W*?\\bjavascript:",
         "vars" : [
            {
               "parse" : [
                  "all",
                  1
               ],
               "type" : "REQUEST_ARGS"
            }
         ]
      },
      {
         "actions" : {
            "disrupt" : "SCORE",
            "nondisrupt" : [
               {
                  "action" : "setvar",
                  "data" : {
                     "col" : "TX",
                     "inc" : 1,
                     "key" : "anomaly_score",
                     "value" : 4
                  }
               }
            ]
         },
         "id" : 42041,
         "msg" : "XSS (Cross-Site Scripting)",
         "operator" : "REFIND",
         "opts" : {
            "transform" : [
               "html_decode",
               "compress_whitespace"
            ]
         },
         "pattern" : "\\bonchange\\b\\W*?\\=",
         "vars" : [
            {
               "parse" : [
                  "all",
                  1
               ],
               "type" : "REQUEST_ARGS"
            }
         ]
      },
      {
         "actions" : {
            "disrupt" : "SCORE",
            "nondisrupt" : [
               {
                  "action" : "setvar",
                  "data" : {
                     "col" : "TX",
                     "inc" : 1,
                     "key" : "anomaly_score",
                     "value" : 4
                  }
               }
            ]
         },
         "id" : 42042,
         "msg" : "XSS (Cross-Site Scripting)",
         "operator" : "REFIND",
         "opts" : {
            "transform" : [
               "html_decode",
               "compress_whitespace"
            ]
         },
         "pattern" : "\\btype\\b\\W*?\\btext\\b\\W*?\\bjscript\\b",
         "vars" : [
            {
               "parse" : [
                  "all",
                  1
               ],
               "type" : "REQUEST_ARGS"
            }
         ]
      },
      {
         "actions" : {
            "disrupt" : "SCORE",
            "nondisrupt" : [
               {
                  "action" : "setvar",
                  "data" : {
                     "col" : "TX",
                     "inc" : 1,
                     "key" : "anomaly_score",
                     "value" : 4
                  }
               }
            ]
         },
         "id" : 42043,
         "msg" : "XSS (Cross-Site Scripting)",
         "operator" : "REFIND",
         "opts" : {
            "transform" : [
               "html_decode",
               "compress_whitespace"
            ]
         },
         "pattern" : "\\balert\\b\\W*?\\(",
         "vars" : [
            {
               "parse" : [
                  "all",
                  1
               ],
               "type" : "REQUEST_ARGS"
            }
         ]
      },
      {
         "actions" : {
            "disrupt" : "SCORE",
            "nondisrupt" : [
               {
                  "action" : "setvar",
                  "data" : {
                     "col" : "TX",
                     "inc" : 1,
                     "key" : "anomaly_score",
                     "value" : 4
                  }
               }
            ]
         },
         "id" : 42044,
         "msg" : "XSS (Cross-Site Scripting)",
         "operator" : "REFIND",
         "opts" : {
            "transform" : [
               "html_decode",
               "compress_whitespace"
            ]
         },
         "pattern" : "\\btype\\b\\W*?\\bapplication\\b\\W*?\\bx-vbscript\\b",
         "vars" : [
            {
               "parse" : [
                  "all",
                  1
               ],
               "type" : "REQUEST_ARGS"
            }
         ]
      },
      {
         "actions" : {
            "disrupt" : "SCORE",
            "nondisrupt" : [
               {
                  "action" : "setvar",
                  "data" : {
                     "col" : "TX",
                     "inc" : 1,
                     "key" : "anomaly_score",
                     "value" : 4
                  }
               }
            ]
         },
         "id" : 42045,
         "msg" : "XSS (Cross-Site Scripting)",
         "operator" : "REFIND",
         "opts" : {
            "transform" : [
               "html_decode",
               "compress_whitespace"
            ]
         },
         "pattern" : "< ?meta",
         "vars" : [
            {
               "parse" : [
                  "all",
                  1
               ],
               "type" : "REQUEST_ARGS"
            }
         ]
      },
      {
         "actions" : {
            "disrupt" : "SCORE",
            "nondisrupt" : [
               {
                  "action" : "setvar",
                  "data" : {
                     "col" : "TX",
                     "inc" : 1,
                     "key" : "anomaly_score",
                     "value" : 4
                  }
               }
            ]
         },
         "id" : 42046,
         "msg" : "XSS (Cross-Site Scripting)",
         "operator" : "REFIND",
         "opts" : {
            "transform" : [
               "html_decode",
               "compress_whitespace"
            ]
         },
         "pattern" : "\\bsrc\\b\\W*?\\bhttp:",
         "vars" : [
            {
               "parse" : [
                  "all",
                  1
               ],
               "type" : "REQUEST_ARGS"
            }
         ]
      },
      {
         "actions" : {
            "disrupt" : "SCORE",
            "nondisrupt" : [
               {
                  "action" : "setvar",
                  "data" : {
                     "col" : "TX",
                     "inc" : 1,
                     "key" : "anomaly_score",
                     "value" : 4
                  }
               }
            ]
         },
         "id" : 42047,
         "msg" : "XSS (Cross-Site Scripting)",
         "operator" : "REFIND",
         "opts" : {
            "transform" : [
               "html_decode",
               "compress_whitespace"
            ]
         },
         "pattern" : "\\btype\\b\\W*?\\btext\\b\\W*?\\bvbscript\\b",
         "vars" : [
            {
               "parse" : [
                  "all",
                  1
               ],
               "type" : "REQUEST_ARGS"
            }
         ]
      },
      {
         "actions" : {
            "disrupt" : "SCORE",
            "nondisrupt" : [
               {
                  "action" : "setvar",
                  "data" : {
                     "col" : "TX",
                     "inc" : 1,
                     "key" : "anomaly_score",
                     "value" : 4
                  }
               }
            ]
         },
         "id" : 42048,
         "msg" : "XSS (Cross-Site Scripting)",
         "operator" : "REFIND",
         "opts" : {
            "transform" : [
               "html_decode",
               "compress_whitespace"
            ]
         },
         "pattern" : "\\bonmouseout\\b\\W*?\\=",
         "vars" : [
            {
               "parse" : [
                  "all",
                  1
               ],
               "type" : "REQUEST_ARGS"
            }
         ]
      },
      {
         "actions" : {
            "disrupt" : "SCORE",
            "nondisrupt" : [
               {
                  "action" : "setvar",
                  "data" : {
                     "col" : "TX",
                     "inc" : 1,
                     "key" : "anomaly_score",
                     "value" : 4
                  }
               }
            ]
         },
         "id" : 42049,
         "msg" : "XSS (Cross-Site Scripting)",
         "operator" : "REFIND",
         "opts" : {
            "transform" : [
               "html_decode",
               "compress_whitespace"
            ]
         },
         "pattern" : "\\blowsrc\\b\\W*?\\bshell:",
         "vars" : [
            {
               "parse" : [
                  "all",
                  1
               ],
               "type" : "REQUEST_ARGS"
            }
         ]
      },
      {
         "actions" : {
            "disrupt" : "SCORE",
            "nondisrupt" : [
               {
                  "action" : "setvar",
                  "data" : {
                     "col" : "TX",
                     "inc" : 1,
                     "key" : "anomaly_score",
                     "value" : 4
                  }
               }
            ]
         },
         "id" : 42050,
         "msg" : "XSS (Cross-Site Scripting)",
         "operator" : "REFIND",
         "opts" : {
            "transform" : [
               "html_decode",
               "compress_whitespace"
            ]
         },
         "pattern" : "\\basfunction:",
         "vars" : [
            {
               "parse" : [
                  "all",
                  1
               ],
               "type" : "REQUEST_ARGS"
            }
         ]
      },
      {
         "actions" : {
            "disrupt" : "SCORE",
            "nondisrupt" : [
               {
                  "action" : "setvar",
                  "data" : {
                     "col" : "TX",
                     "inc" : 1,
                     "key" : "anomaly_score",
                     "value" : 4
                  }
               }
            ]
         },
         "id" : 42051,
         "msg" : "XSS (Cross-Site Scripting)",
         "operator" : "REFIND",
         "opts" : {
            "transform" : [
               "html_decode",
               "compress_whitespace"
            ]
         },
         "pattern" : "\\bonmouseover\\b\\W*?\\=",
         "vars" : [
            {
               "parse" : [
                  "all",
                  1
               ],
               "type" : "REQUEST_ARGS"
            }
         ]
      },
      {
         "actions" : {
            "disrupt" : "SCORE",
            "nondisrupt" : [
               {
                  "action" : "setvar",
                  "data" : {
                     "col" : "TX",
                     "inc" : 1,
                     "key" : "anomaly_score",
                     "value" : 4
                  }
               }
            ]
         },
         "id" : 42052,
         "msg" : "XSS (Cross-Site Scripting)",
         "operator" : "REFIND",
         "opts" : {
            "transform" : [
               "html_decode",
               "compress_whitespace"
            ]
         },
         "pattern" : "\\bhref\\b\\W*?\\bvbscript:",
         "vars" : [
            {
               "parse" : [
                  "all",
                  1
               ],
               "type" : "REQUEST_ARGS"
            }
         ]
      },
      {
         "actions" : {
            "disrupt" : "SCORE",
            "nondisrupt" : [
               {
                  "action" : "setvar",
                  "data" : {
                     "col" : "TX",
                     "inc" : 1,
                     "key" : "anomaly_score",
                     "value" : 4
                  }
               }
            ]
         },
         "id" : 42053,
         "msg" : "XSS (Cross-Site Scripting)",
         "operator" : "REFIND",
         "opts" : {
            "transform" : [
               "html_decode",
               "compress_whitespace"
            ]
         },
         "pattern" : "\\burl\\b\\W*?\\bjavascript:",
         "vars" : [
            {
               "parse" : [
                  "all",
                  1
               ],
               "type" : "REQUEST_ARGS"
            }
         ]
      },
      {
         "actions" : {
            "disrupt" : "SCORE",
            "nondisrupt" : [
               {
                  "action" : "setvar",
                  "data" : {
                     "col" : "TX",
                     "inc" : 1,
                     "key" : "anomaly_score",
                     "value" : 4
                  }
               }
            ]
         },
         "id" : 42054,
         "msg" : "XSS (Cross-Site Scripting)",
         "operator" : "REFIND",
         "opts" : {
            "transform" : [
               "html_decode",
               "compress_whitespace"
            ]
         },
         "pattern" : "\\.innerhtml\\b",
         "vars" : [
            {
               "parse" : [
                  "all",
                  1
               ],
               "type" : "REQUEST_ARGS"
            }
         ]
      },
      {
         "actions" : {
            "disrupt" : "SCORE",
            "nondisrupt" : [
               {
                  "action" : "setvar",
                  "data" : {
                     "col" : "TX",
                     "inc" : 1,
                     "key" : "anomaly_score",
                     "value" : 4
                  }
               }
            ]
         },
         "id" : 42055,
         "msg" : "XSS (Cross-Site Scripting)",
         "operator" : "REFIND",
         "opts" : {
            "transform" : [
               "html_decode",
               "compress_whitespace"
            ]
         },
         "pattern" : "\\bonselect\\b\\W*?\\=",
         "vars" : [
            {
               "parse" : [
                  "all",
                  1
               ],
               "type" : "REQUEST_ARGS"
            }
         ]
      },
      {
         "actions" : {
            "disrupt" : "SCORE",
            "nondisrupt" : [
               {
                  "action" : "setvar",
                  "data" : {
                     "col" : "TX",
                     "inc" : 1,
                     "key" : "anomaly_score",
                     "value" : 4
                  }
               }
            ]
         },
         "id" : 42056,
         "msg" : "XSS (Cross-Site Scripting)",
         "operator" : "REFIND",
         "opts" : {
            "transform" : [
               "html_decode",
               "compress_whitespace"
            ]
         },
         "pattern" : "\\import\\b",
         "vars" : [
            {
               "parse" : [
                  "all",
                  1
               ],
               "type" : "REQUEST_ARGS"
            }
         ]
      },
      {
         "actions" : {
            "disrupt" : "SCORE",
            "nondisrupt" : [
               {
                  "action" : "setvar",
                  "data" : {
                     "col" : "TX",
                     "inc" : 1,
                     "key" : "anomaly_score",
                     "value" : 4
                  }
               }
            ]
         },
         "id" : 42057,
         "msg" : "XSS (Cross-Site Scripting)",
         "operator" : "REFIND",
         "opts" : {
            "transform" : [
               "html_decode",
               "compress_whitespace"
            ]
         },
         "pattern" : "\\blowsrc\\b\\W*?\\bvbscript:",
         "vars" : [
            {
               "parse" : [
                  "all",
                  1
               ],
               "type" : "REQUEST_ARGS"
            }
         ]
      },
      {
         "actions" : {
            "disrupt" : "SCORE",
            "nondisrupt" : [
               {
                  "action" : "setvar",
                  "data" : {
                     "col" : "TX",
                     "inc" : 1,
                     "key" : "anomaly_score",
                     "value" : 4
                  }
               }
            ]
         },
         "id" : 42058,
         "msg" : "XSS (Cross-Site Scripting)",
         "operator" : "REFIND",
         "opts" : {
            "transform" : [
               "html_decode",
               "compress_whitespace"
            ]
         },
         "pattern" : "\\bonload\\b\\W*?\\=",
         "vars" : [
            {
               "parse" : [
                  "all",
                  1
               ],
               "type" : "REQUEST_ARGS"
            }
         ]
      },
      {
         "actions" : {
            "disrupt" : "SCORE",
            "nondisrupt" : [
               {
                  "action" : "setvar",
                  "data" : {
                     "col" : "TX",
                     "inc" : 1,
                     "key" : "anomaly_score",
                     "value" : 4
                  }
               }
            ]
         },
         "id" : 42059,
         "msg" : "XSS (Cross-Site Scripting)",
         "operator" : "REFIND",
         "opts" : {
            "transform" : [
               "html_decode",
               "compress_whitespace"
            ]
         },
         "pattern" : "< ?script\\b",
         "vars" : [
            {
               "parse" : [
                  "all",
                  1
               ],
               "type" : "REQUEST_ARGS"
            }
         ]
      },
      {
         "actions" : {
            "disrupt" : "SCORE",
            "nondisrupt" : [
               {
                  "action" : "setvar",
                  "data" : {
                     "col" : "TX",
                     "inc" : 1,
                     "key" : "anomaly_score",
                     "value" : 4
                  }
               }
            ]
         },
         "id" : 42060,
         "msg" : "XSS (Cross-Site Scripting)",
         "operator" : "REFIND",
         "opts" : {
            "transform" : [
               "html_decode",
               "compress_whitespace"
            ]
         },
         "pattern" : "\\bonresize\\b\\W*?\\=",
         "vars" : [
            {
               "parse" : [
                  "all",
                  1
               ],
               "type" : "REQUEST_ARGS"
            }
         ]
      },
      {
         "actions" : {
            "disrupt" : "SCORE",
            "nondisrupt" : [
               {
                  "action" : "setvar",
                  "data" : {
                     "col" : "TX",
                     "inc" : 1,
                     "key" : "anomaly_score",
                     "value" : 4
                  }
               }
            ]
         },
         "id" : 42061,
         "msg" : "XSS (Cross-Site Scripting)",
         "operator" : "REFIND",
         "opts" : {
            "transform" : [
               "html_decode",
               "compress_whitespace"
            ]
         },
         "pattern" : "\\bonclick\\b\\W*?\\=",
         "vars" : [
            {
               "parse" : [
                  "all",
                  1
               ],
               "type" : "REQUEST_ARGS"
            }
         ]
      },
      {
         "actions" : {
            "disrupt" : "SCORE",
            "nondisrupt" : [
               {
                  "action" : "setvar",
                  "data" : {
                     "col" : "TX",
                     "inc" : 1,
                     "key" : "anomaly_score",
                     "value" : 4
                  }
               }
            ]
         },
         "id" : 42062,
         "msg" : "XSS (Cross-Site Scripting)",
         "operator" : "REFIND",
         "opts" : {
            "transform" : [
               "html_decode",
               "compress_whitespace"
            ]
         },
         "pattern" : "\\biframe\\b.{0,100}?\\bsrc\\b",
         "vars" : [
            {
               "parse" : [
                  "all",
                  1
               ],
               "type" : "REQUEST_ARGS"
            }
         ]
      },
      {
         "actions" : {
            "disrupt" : "SCORE",
            "nondisrupt" : [
               {
                  "action" : "setvar",
                  "data" : {
                     "col" : "TX",
                     "inc" : 1,
                     "key" : "anomaly_score",
                     "value" : 4
                  }
               }
            ]
         },
         "id" : 42063,
         "msg" : "XSS (Cross-Site Scripting)",
         "operator" : "REFIND",
         "opts" : {
            "transform" : [
               "html_decode",
               "compress_whitespace"
            ]
         },
         "pattern" : "\\bbackground-image:",
         "vars" : [
            {
               "parse" : [
                  "all",
                  1
               ],
               "type" : "REQUEST_ARGS"
            }
         ]
      },
      {
         "actions" : {
            "disrupt" : "SCORE",
            "nondisrupt" : [
               {
                  "action" : "setvar",
                  "data" : {
                     "col" : "TX",
                     "inc" : 1,
                     "key" : "anomaly_score",
                     "value" : 4
                  }
               }
            ]
         },
         "id" : 42064,
         "msg" : "XSS (Cross-Site Scripting)",
         "operator" : "REFIND",
         "opts" : {
            "transform" : [
               "html_decode",
               "compress_whitespace"
            ]
         },
         "pattern" : "\\bonkeyup\\b\\W*?\\=",
         "vars" : [
            {
               "parse" : [
                  "all",
                  1
               ],
               "type" : "REQUEST_ARGS"
            }
         ]
      },
      {
         "actions" : {
            "disrupt" : "SCORE",
            "nondisrupt" : [
               {
                  "action" : "setvar",
                  "data" : {
                     "col" : "TX",
                     "inc" : 1,
                     "key" : "anomaly_score",
                     "value" : 4
                  }
               }
            ]
         },
         "id" : 42065,
         "msg" : "XSS (Cross-Site Scripting)",
         "operator" : "REFIND",
         "opts" : {
            "transform" : [
               "html_decode",
               "compress_whitespace"
            ]
         },
         "pattern" : "<input\\b.*?\\btype\\b\\W*?\\bimage\\b",
         "vars" : [
            {
               "parse" : [
                  "all",
                  1
               ],
               "type" : "REQUEST_ARGS"
            }
         ]
      },
      {
         "actions" : {
            "disrupt" : "SCORE",
            "nondisrupt" : [
               {
                  "action" : "setvar",
                  "data" : {
                     "col" : "TX",
                     "inc" : 1,
                     "key" : "anomaly_score",
                     "value" : 4
                  }
               }
            ]
         },
         "id" : 42066,
         "msg" : "XSS (Cross-Site Scripting)",
         "operator" : "REFIND",
         "opts" : {
            "transform" : [
               "html_decode",
               "compress_whitespace"
            ]
         },
         "pattern" : "\\burl\\b\\W*?\\bshell:",
         "vars" : [
            {
               "parse" : [
                  "all",
                  1
               ],
               "type" : "REQUEST_ARGS"
            }
         ]
      },
      {
         "actions" : {
            "disrupt" : "SCORE",
            "nondisrupt" : [
               {
                  "action" : "setvar",
                  "data" : {
                     "col" : "TX",
                     "inc" : 1,
                     "key" : "anomaly_score",
                     "value" : 4
                  }
               }
            ]
         },
         "id" : 42067,
         "msg" : "XSS (Cross-Site Scripting)",
         "operator" : "REFIND",
         "opts" : {
            "transform" : [
               "html_decode",
               "compress_whitespace"
            ]
         },
         "pattern" : "\\btype\\b\\W*?\\btext\\b\\W*?\\bjavascript\\b",
         "vars" : [
            {
               "parse" : [
                  "all",
                  1
               ],
               "type" : "REQUEST_ARGS"
            }
         ]
      },
      {
         "actions" : {
            "disrupt" : "SCORE",
            "nondisrupt" : [
               {
                  "action" : "setvar",
                  "data" : {
                     "col" : "TX",
                     "inc" : 1,
                     "key" : "anomaly_score",
                     "value" : 4
                  }
               }
            ]
         },
         "id" : 42068,
         "msg" : "XSS (Cross-Site Scripting)",
         "operator" : "REFIND",
         "pattern" : "\\.fromcharcode\\b",
         "vars" : [
            {
               "parse" : [
                  "all",
                  1
               ],
               "type" : "REQUEST_ARGS"
            }
         ]
      },
      {
         "actions" : {
            "disrupt" : "SCORE",
            "nondisrupt" : [
               {
                  "action" : "setvar",
                  "data" : {
                     "col" : "TX",
                     "inc" : 1,
                     "key" : "anomaly_score",
                     "value" : 4
                  }
               }
            ]
         },
         "id" : 42069,
         "msg" : "XSS (Cross-Site Scripting) - HTML Tag Handler",
         "operator" : "REFIND",
         "opts" : {
            "transform" : [
               "html_decode",
               "compress_whitespace"
            ]
         },
         "pattern" : "<(a|abbr|acronym|address|applet|area|audioscope|b|base|basefront|bdo|bgsound|big|blackface|blink|blockquote|body|bq|br|button|caption|center|cite|code|col|colgroup|comment|dd|del|dfn|dir|div|dl|dt|em|embed|fieldset|fn|font|form|frame|frameset|h1|head|hr|html|i|iframe|ilayer|img|input|ins|isindex|kdb|keygen|label|layer|legend|li|limittext|link|listing|map|marquee|menu|meta|multicol|nobr|noembed|noframes|noscript|nosmartquotes|object|ol|optgroup|option|p|param|plaintext|pre|q|rt|ruby|s|samp|script|select|server|shadow|sidebar|small|spacer|span|strike|strong|style|sub|sup|table|tbody|td|textarea|tfoot|th|thead|title|tr|tt|u|ul|var|wbr|xml|xmp)\\W",
         "vars" : [
            {
               "parse" : [
                  "all",
                  1
               ],
               "type" : "REQUEST_ARGS"
            }
         ]
      },
      {
         "actions" : {
            "disrupt" : "SCORE",
            "nondisrupt" : [
               {
                  "action" : "setvar",
                  "data" : {
                     "col" : "TX",
                     "inc" : 1,
                     "key" : "anomaly_score",
                     "value" : 4
                  }
               }
            ]
         },
         "id" : 42070,
         "msg" : "XSS (Cross-Site Scripting)",
         "operator" : "REFIND",
         "opts" : {
            "transform" : [
               "html_decode",
               "compress_whitespace"
            ]
         },
         "pattern" : "\\ballowscriptaccess\\b|\\brel\\b\\W*?=",
         "vars" : [
            {
               "parse" : [
                  "all",
                  1
               ],
               "type" : "REQUEST_ARGS"
            }
         ]
      },
      {
         "actions" : {
            "disrupt" : "SCORE",
            "nondisrupt" : [
               {
                  "action" : "setvar",
                  "data" : {
                     "col" : "TX",
                     "inc" : 1,
                     "key" : "anomaly_score",
                     "value" : 4
                  }
               }
            ]
         },
         "id" : 42071,
         "msg" : "XSS (Cross-Site Scripting)",
         "operator" : "REFIND",
         "opts" : {
            "transform" : [
               "html_decode",
               "compress_whitespace"
            ]
         },
         "pattern" : ".+application/x-shockwave-flash|image/svg\\+xml|text/(css|html|ecmascript|javascript|vbscript|x-(javascript|scriptlet|vbscript)).+",
         "vars" : [
            {
               "parse" : [
                  "all",
                  1
               ],
               "type" : "REQUEST_ARGS"
            }
         ]
      },
      {
         "actions" : {
            "disrupt" : "SCORE",
            "nondisrupt" : [
               {
                  "action" : "setvar",
                  "data" : {
                     "col" : "TX",
                     "inc" : 1,
                     "key" : "anomaly_score",
                     "value" : 4
                  }
               }
            ]
         },
         "id" : 42072,
         "msg" : "XSS (Cross-Site Scripting)",
         "operator" : "REFIND",
         "opts" : {
            "transform" : [
               "html_decode",
               "compress_whitespace"
            ]
         },
         "pattern" : "\\bon(abort|blur|change|click|dblclick|dragdrop|error|focus|keydown|keypress|keyup|load|mousedown|mousemove|mouseout|mouseover|mouseup|move|readystatechange|reset|resize|select|submit|unload)\\b\\W*?=",
         "vars" : [
            {
               "parse" : [
                  "all",
                  1
               ],
               "type" : "REQUEST_ARGS"
            }
         ]
      },
      {
         "actions" : {
            "disrupt" : "SCORE",
            "nondisrupt" : [
               {
                  "action" : "setvar",
                  "data" : {
                     "col" : "TX",
                     "inc" : 1,
                     "key" : "anomaly_score",
                     "value" : 4
                  }
               }
            ]
         },
         "id" : 42073,
         "msg" : "XSS (Cross-Site Scripting)",
         "operator" : "REFIND",
         "opts" : {
            "transform" : [
               "html_decode",
               "compress_whitespace"
            ]
         },
         "pattern" : "\\b(background|dynsrc|href|lowsrc|src)\\b\\W*?=",
         "vars" : [
            {
               "parse" : [
                  "all",
                  1
               ],
               "type" : "REQUEST_ARGS"
            }
         ]
      },
      {
         "actions" : {
            "disrupt" : "SCORE",
            "nondisrupt" : [
               {
                  "action" : "setvar",
                  "data" : {
                     "col" : "TX",
                     "inc" : 1,
                     "key" : "anomaly_score",
                     "value" : 4
                  }
               }
            ]
         },
         "id" : 42074,
         "msg" : "XSS (Cross-Site Scripting)",
         "operator" : "REFIND",
         "opts" : {
            "transform" : [
               "html_decode",
               "compress_whitespace"
            ]
         },
         "pattern" : "(asfunction|javascript|vbscript|data|mocha|livescript):",
         "vars" : [
            {
               "parse" : [
                  "all",
                  1
               ],
               "type" : "REQUEST_ARGS"
            }
         ]
      },
      {
         "actions" : {
            "disrupt" : "SCORE",
            "nondisrupt" : [
               {
                  "action" : "setvar",
                  "data" : {
                     "col" : "TX",
                     "inc" : 1,
                     "key" : "anomaly_score",
                     "value" : 4
                  }
               }
            ]
         },
         "id" : 42075,
         "msg" : "XSS (Cross-Site Scripting) - Style Tag Manipulation",
         "operator" : "REFIND",
         "opts" : {
            "transform" : [
               "html_decode",
               "compress_whitespace"
            ]
         },
         "pattern" : "\\bstyle\\b\\W*?=",
         "vars" : [
            {
               "parse" : [
                  "all",
                  1
               ],
               "type" : "REQUEST_ARGS"
            }
         ]
      },
      {
         "actions" : {
            "disrupt" : "SCORE",
            "nondisrupt" : [
               {
                  "action" : "setvar",
                  "data" : {
                     "col" : "TX",
                     "inc" : 1,
                     "key" : "anomaly_score",
                     "value" : 4
                  }
               }
            ]
         },
         "id" : 42076,
         "msg" : "XSS (Cross-Site Scripting) - JS Fragments",
         "operator" : "REFIND",
         "opts" : {
            "transform" : [
               "html_decode",
               "compress_whitespace"
            ]
         },
         "pattern" : "(fromcharcode|alert|eval)\\s*\\(",
         "vars" : [
            {
               "parse" : [
                  "all",
                  1
               ],
               "type" : "REQUEST_ARGS"
            }
         ]
      },
      {
         "actions" : {
            "disrupt" : "SCORE",
            "nondisrupt" : [
               {
                  "action" : "setvar",
                  "data" : {
                     "col" : "TX",
                     "inc" : 1,
                     "key" : "anomaly_score",
                     "value" : 4
                  }
               }
            ]
         },
         "id" : 42077,
         "msg" : "XSS (Cross-Site Scripting) - CSS Fragments",
         "operator" : "REFIND",
         "opts" : {
            "transform" : [
               "html_decode",
               "compress_whitespace"
            ]
         },
         "pattern" : "background\\b\\W*?:\\W*?url|background-image\\b\\W*?:|behavior\\b\\W*?:\\W*?url|-moz-binding\\b|@import\\b|expression\\b\\W*?\\(",
         "vars" : [
            {
               "parse" : [
                  "all",
                  1
               ],
               "type" : "REQUEST_ARGS"
            }
         ]
      },
      {
         "actions" : {
            "disrupt" : "SCORE",
            "nondisrupt" : [
               {
                  "action" : "setvar",
                  "data" : {
                     "col" : "TX",
                     "inc" : 1,
                     "key" : "anomaly_score",
                     "value" : 4
                  }
               }
            ]
         },
         "id" : 42078,
         "msg" : "XSS (Cross-Site Scripting)",
         "operator" : "REFIND",
         "opts" : {
            "transform" : [
               "html_decode",
               "compress_whitespace"
            ]
         },
         "pattern" : "<!\\[cdata\\[|\\]\\]>",
         "vars" : [
            {
               "parse" : [
                  "all",
                  1
               ],
               "type" : "REQUEST_ARGS"
            }
         ]
      },
      {
         "actions" : {
            "disrupt" : "SCORE",
            "nondisrupt" : [
               {
                  "action" : "setvar",
                  "data" : {
                     "col" : "TX",
                     "inc" : 1,
                     "key" : "anomaly_score",
                     "value" : 4
                  }
               }
            ]
         },
         "id" : 42079,
         "msg" : "XSS (Cross-Site Scripting) - xss testing alert",
         "operator" : "REFIND",
         "opts" : {
            "transform" : [
               "html_decode",
               "compress_whitespace"
            ]
         },
         "pattern" : "[/'\\\"<]xss[/'\\\">]",
         "vars" : [
            {
               "parse" : [
                  "all",
                  1
               ],
               "type" : "REQUEST_ARGS"
            }
         ]
      },
      {
         "actions" : {
            "disrupt" : "SCORE",
            "nondisrupt" : [
               {
                  "action" : "setvar",
                  "data" : {
                     "col" : "TX",
                     "inc" : 1,
                     "key" : "anomaly_score",
                     "value" : 4
                  }
               }
            ]
         },
         "id" : 42080,
         "msg" : "XSS (Cross-Site Scripting) - ASCII alert",
         "operator" : "REFIND",
         "opts" : {
            "transform" : [
               "html_decode",
               "compress_whitespace"
            ]
         },
         "pattern" : "(88,83,83)",
         "vars" : [
            {
               "parse" : [
                  "all",
                  1
               ],
               "type" : "REQUEST_ARGS"
            }
         ]
      },
      {
         "actions" : {
            "disrupt" : "SCORE",
            "nondisrupt" : [
               {
                  "action" : "setvar",
                  "data" : {
                     "col" : "TX",
                     "inc" : 1,
                     "key" : "anomaly_score",
                     "value" : 4
                  }
               }
            ]
         },
         "id" : 42081,
         "msg" : "XSS (Cross-Site Scripting) - xss testing alert",
         "operator" : "REFIND",
         "opts" : {
            "transform" : [
               "html_decode",
               "compress_whitespace"
            ]
         },
         "pattern" : "'';!--\\\"<xss>=&{()}",
         "vars" : [
            {
               "parse" : [
                  "all",
                  1
               ],
               "type" : "REQUEST_ARGS"
            }
         ]
      },
      {
         "actions" : {
            "disrupt" : "SCORE",
            "nondisrupt" : [
               {
                  "action" : "setvar",
                  "data" : {
                     "col" : "TX",
                     "inc" : 1,
                     "key" : "anomaly_score",
                     "value" : 4
                  }
               }
            ]
         },
         "id" : 42082,
         "msg" : "XSS (Cross-Site Scripting)",
         "operator" : "REFIND",
         "opts" : {
            "transform" : [
               "html_decode",
               "compress_whitespace"
            ]
         },
         "pattern" : "\"<!(doctype|entity)",
         "vars" : [
            {
               "parse" : [
                  "all",
                  1
               ],
               "type" : "REQUEST_ARGS"
            }
         ]
      },
      {
         "actions" : {
            "disrupt" : "SCORE",
            "nondisrupt" : [
               {
                  "action" : "setvar",
                  "data" : {
                     "col" : "TX",
                     "inc" : 1,
                     "key" : "anomaly_score",
                     "value" : 4
                  }
               }
            ]
         },
         "id" : 42083,
         "msg" : "XSS (Cross-Site Scripting) - IE Filter",
         "operator" : "REFIND",
         "opts" : {
            "transform" : [
               "html_decode",
               "compress_whitespace"
            ]
         },
         "pattern" : "(?:<script.*?>)",
         "vars" : [
            {
               "parse" : [
                  "all",
                  1
               ],
               "type" : "REQUEST_ARGS"
            }
         ]
      },
      {
         "actions" : {
            "disrupt" : "SCORE",
            "nondisrupt" : [
               {
                  "action" : "setvar",
                  "data" : {
                     "col" : "TX",
                     "inc" : 1,
                     "key" : "anomaly_score",
                     "value" : 4
                  }
               }
            ]
         },
         "id" : 42084,
         "msg" : "XSS (Cross-Site Scripting) - IE Filter",
         "operator" : "REFIND",
         "opts" : {
            "transform" : [
               "html_decode",
               "compress_whitespace"
            ]
         },
         "pattern" : "(?:<style.*?>.*?((@[i\\\\\\\\])|(([:=]|(&#x?0*((58)|(3A)|(61)|(3D));?)).*?([(\\\\\\\\]|(&#x?0*((40)|(28)|(92)|(5C));?)))))",
         "vars" : [
            {
               "parse" : [
                  "all",
                  1
               ],
               "type" : "REQUEST_ARGS"
            }
         ]
      },
      {
         "actions" : {
            "disrupt" : "SCORE",
            "nondisrupt" : [
               {
                  "action" : "setvar",
                  "data" : {
                     "col" : "TX",
                     "inc" : 1,
                     "key" : "anomaly_score",
                     "value" : 4
                  }
               }
            ]
         },
         "id" : 42085,
         "msg" : "XSS (Cross-Site Scripting) - IE Filter",
         "operator" : "REFIND",
         "opts" : {
            "transform" : [
               "html_decode",
               "compress_whitespace"
            ]
         },
         "pattern" : "(?:<script.*?[ /+\\t]*?((src)|(xlink:href)|(href))[ /+\\t]*=)",
         "vars" : [
            {
               "parse" : [
                  "all",
                  1
               ],
               "type" : "REQUEST_ARGS"
            }
         ]
      },
      {
         "actions" : {
            "disrupt" : "SCORE",
            "nondisrupt" : [
               {
                  "action" : "setvar",
                  "data" : {
                     "col" : "TX",
                     "inc" : 1,
                     "key" : "anomaly_score",
                     "value" : 4
                  }
               }
            ]
         },
         "id" : 42086,
         "msg" : "XSS (Cross-Site Scripting) - IE Filter",
         "operator" : "REFIND",
         "opts" : {
            "transform" : [
               "html_decode",
               "compress_whitespace"
            ]
         },
         "pattern" : "(?:<[i]?frame.*?[ /+\\t]*?src[ /+\\t]*=)",
         "vars" : [
            {
               "parse" : [
                  "all",
                  1
               ],
               "type" : "REQUEST_ARGS"
            }
         ]
      },
      {
         "actions" : {
            "disrupt" : "SCORE",
            "nondisrupt" : [
               {
                  "action" : "setvar",
                  "data" : {
                     "col" : "TX",
                     "inc" : 1,
                     "key" : "anomaly_score",
                     "value" : 4
                  }
               }
            ]
         },
         "id" : 42087,
         "msg" : "XSS (Cross-Site Scripting) - IE Filter",
         "operator" : "REFIND",
         "opts" : {
            "transform" : [
               "html_decode",
               "compress_whitespace"
            ]
         },
         "pattern" : "(?i:<.*[:]vmlframe.*?[ /+\\t]*?src[ /+\\t]*=)",
         "vars" : [
            {
               "parse" : [
                  "all",
                  1
               ],
               "type" : "REQUEST_ARGS"
            }
         ]
      },
      {
         "actions" : {
            "disrupt" : "SCORE",
            "nondisrupt" : [
               {
                  "action" : "setvar",
                  "data" : {
                     "col" : "TX",
                     "inc" : 1,
                     "key" : "anomaly_score",
                     "value" : 4
                  }
               }
            ]
         },
         "id" : 42088,
         "msg" : "XSS (Cross-Site Scripting) - IE Filter",
         "operator" : "REFIND",
         "opts" : {
            "transform" : [
               "html_decode",
               "compress_whitespace"
            ]
         },
         "pattern" : "(?:(j|(&#x?0*((74)|(4A)|(106)|(6A));?))([\\t]|(&((#x?0*(9|(13)|(10)|A|D);?)|(tab;)|(newline;))))*(a|(&#x?0*((65)|(42)|(97)|(61));?))([\\t]|(&((#x?0*(9|(13)|(10)|A|D);?)|(tab;)|(newline;))))*(v|(&#x?0*((86)|(56)|(118)|(76));?))([\\t]|(&((#x?0*(9|(13)|(10)|A|D);?)|(tab;)|(newline;))))*(a|(&#x?0*((65)|(42)|(97)|(61));?))([\\t]|(&((#x?0*(9|(13)|(10)|A|D);?)|(tab;)|(newline;))))*(s|(&#x?0*((83)|(53)|(115)|(73));?))([\\t]|(&((#x?0*(9|(13)|(10)|A|D);?)|(tab;)|(newline;))))*(c|(&#x?0*((67)|(43)|(99)|(63));?))([\\t]|(&((#x?0*(9|(13)|(10)|A|D);?)|(tab;)|(newline;))))*(r|(&#x?0*((82)|(52)|(114)|(72));?))([\\t]|(&((#x?0*(9|(13)|(10)|A|D);?)|(tab;)|(newline;))))*(i|(&#x?0*((73)|(49)|(105)|(69));?))([\\t]|(&((#x?0*(9|(13)|(10)|A|D);?)|(tab;)|(newline;))))*(p|(&#x?0*((80)|(50)|(112)|(70));?))([\\t]|(&((#x?0*(9|(13)|(10)|A|D);?)|(tab;)|(newline;))))*(t|(&#x?0*((84)|(54)|(116)|(74));?))([\\t]|(&((#x?0*(9|(13)|(10)|A|D);?)|(tab;)|(newline;))))*(:|(&((#x?0*((58)|(3A));?)|(colon;)))).)",
         "vars" : [
            {
               "parse" : [
                  "all",
                  1
               ],
               "type" : "REQUEST_ARGS"
            }
         ]
      },
      {
         "actions" : {
            "disrupt" : "SCORE",
            "nondisrupt" : [
               {
                  "action" : "setvar",
                  "data" : {
                     "col" : "TX",
                     "inc" : 1,
                     "key" : "anomaly_score",
                     "value" : 4
                  }
               }
            ]
         },
         "id" : 42089,
         "msg" : "XSS (Cross-Site Scripting) - IE Filter",
         "operator" : "REFIND",
         "opts" : {
            "transform" : [
               "html_decode",
               "compress_whitespace"
            ]
         },
         "pattern" : "(?:(v|(&#x?0*((86)|(56)|(118)|(76));?))([\\t]|(&((#x?0*(9|(13)|(10)|A|D);?)|(tab;)|(newline;))))*(b|(&#x?0*((66)|(42)|(98)|(62));?))([\\t]|(&((#x?0*(9|(13)|(10)|A|D);?)|(tab;)|(newline;))))*(s|(&#x?0*((83)|(53)|(115)|(73));?))([\\t]|(&((#x?0*(9|(13)|(10)|A|D);?)|(tab;)|(newline;))))*(c|(&#x?0*((67)|(43)|(99)|(63));?))([\\t]|(&((#x?0*(9|(13)|(10)|A|D);?)|(tab;)|(newline;))))*(r|(&#x?0*((82)|(52)|(114)|(72));?))([\\t]|(&((#x?0*(9|(13)|(10)|A|D);?)|(tab;)|(newline;))))*(i|(&#x?0*((73)|(49)|(105)|(69));?))([\\t]|(&((#x?0*(9|(13)|(10)|A|D);?)|(tab;)|(newline;))))*(p|(&#x?0*((80)|(50)|(112)|(70));?))([\\t]|(&((#x?0*(9|(13)|(10)|A|D);?)|(tab;)|(newline;))))*(t|(&#x?0*((84)|(54)|(116)|(74));?))([\\t]|(&((#x?0*(9|(13)|(10)|A|D);?)|(tab;)|(newline;))))*(:|(&((#x?0*((58)|(3A));?)|(colon;)))).)",
         "vars" : [
            {
               "parse" : [
                  "all",
                  1
               ],
               "type" : "REQUEST_ARGS"
            }
         ]
      },
      {
         "actions" : {
            "disrupt" : "SCORE",
            "nondisrupt" : [
               {
                  "action" : "setvar",
                  "data" : {
                     "col" : "TX",
                     "inc" : 1,
                     "key" : "anomaly_score",
                     "value" : 4
                  }
               }
            ]
         },
         "id" : 42090,
         "msg" : "XSS (Cross-Site Scripting) - IE Filter",
         "operator" : "REFIND",
         "opts" : {
            "transform" : [
               "html_decode",
               "compress_whitespace"
            ]
         },
         "pattern" : "(?:<EMBED /+\\t].*?((src)|(type)).*?=)",
         "vars" : [
            {
               "parse" : [
                  "all",
                  1
               ],
               "type" : "REQUEST_ARGS"
            }
         ]
      },
      {
         "actions" : {
            "disrupt" : "SCORE",
            "nondisrupt" : [
               {
                  "action" : "setvar",
                  "data" : {
                     "col" : "TX",
                     "inc" : 1,
                     "key" : "anomaly_score",
                     "value" : 4
                  }
               }
            ]
         },
         "id" : 42091,
         "msg" : "XSS (Cross-Site Scripting) - IE Filter",
         "operator" : "REFIND",
         "opts" : {
            "transform" : [
               "html_decode",
               "compress_whitespace"
            ]
         },
         "pattern" : "(?:<[?]?import /+\\t].*?implementation[ /+\\t]*=)",
         "vars" : [
            {
               "parse" : [
                  "all",
                  1
               ],
               "type" : "REQUEST_ARGS"
            }
         ]
      },
      {
         "actions" : {
            "disrupt" : "SCORE",
            "nondisrupt" : [
               {
                  "action" : "setvar",
                  "data" : {
                     "col" : "TX",
                     "inc" : 1,
                     "key" : "anomaly_score",
                     "value" : 4
                  }
               }
            ]
         },
         "id" : 42092,
         "msg" : "XSS (Cross-Site Scripting) - IE Filter",
         "operator" : "REFIND",
         "opts" : {
            "transform" : [
               "html_decode",
               "compress_whitespace"
            ]
         },
         "pattern" : "(?:<META /+\\t].*?http-equiv[ /+\\t]*=[ /+\\t]*[\\\"\\'`]?(((c|(&#x?0*((67)|(43)|(99)|(63));?)))|((r|(&#x?0*((82)|(52)|(114)|(72));?)))|((s|(&#x?0*((83)|(53)|(115)|(73));?)))))",
         "vars" : [
            {
               "parse" : [
                  "all",
                  1
               ],
               "type" : "REQUEST_ARGS"
            }
         ]
      },
      {
         "actions" : {
            "disrupt" : "SCORE",
            "nondisrupt" : [
               {
                  "action" : "setvar",
                  "data" : {
                     "col" : "TX",
                     "inc" : 1,
                     "key" : "anomaly_score",
                     "value" : 4
                  }
               }
            ]
         },
         "id" : 42093,
         "msg" : "XSS (Cross-Site Scripting) - IE Filter",
         "operator" : "REFIND",
         "opts" : {
            "transform" : [
               "html_decode",
               "compress_whitespace"
            ]
         },
         "pattern" : "(?:<META /+\\t].*?charset[ /+\\t]*=)",
         "vars" : [
            {
               "parse" : [
                  "all",
                  1
               ],
               "type" : "REQUEST_ARGS"
            }
         ]
      },
      {
         "actions" : {
            "disrupt" : "SCORE",
            "nondisrupt" : [
               {
                  "action" : "setvar",
                  "data" : {
                     "col" : "TX",
                     "inc" : 1,
                     "key" : "anomaly_score",
                     "value" : 4
                  }
               }
            ]
         },
         "id" : 42094,
         "msg" : "XSS (Cross-Site Scripting) - IE Filter",
         "operator" : "REFIND",
         "opts" : {
            "transform" : [
               "html_decode",
               "compress_whitespace"
            ]
         },
         "pattern" : "(?:<LINK /+\\t].*?href[ /+\\t]*=)",
         "vars" : [
            {
               "parse" : [
                  "all",
                  1
               ],
               "type" : "REQUEST_ARGS"
            }
         ]
      },
      {
         "actions" : {
            "disrupt" : "SCORE",
            "nondisrupt" : [
               {
                  "action" : "setvar",
                  "data" : {
                     "col" : "TX",
                     "inc" : 1,
                     "key" : "anomaly_score",
                     "value" : 4
                  }
               }
            ]
         },
         "id" : 42095,
         "msg" : "XSS (Cross-Site Scripting) - IE Filter",
         "operator" : "REFIND",
         "opts" : {
            "transform" : [
               "html_decode",
               "compress_whitespace"
            ]
         },
         "pattern" : "(?:<BASE /+\\t].*?href[ /+\\t]*=)",
         "vars" : [
            {
               "parse" : [
                  "all",
                  1
               ],
               "type" : "REQUEST_ARGS"
            }
         ]
      },
      {
         "actions" : {
            "disrupt" : "SCORE",
            "nondisrupt" : [
               {
                  "action" : "setvar",
                  "data" : {
                     "col" : "TX",
                     "inc" : 1,
                     "key" : "anomaly_score",
                     "value" : 4
                  }
               }
            ]
         },
         "id" : 42096,
         "msg" : "XSS (Cross-Site Scripting) - IE Filter",
         "operator" : "REFIND",
         "opts" : {
            "transform" : [
               "html_decode",
               "compress_whitespace"
            ]
         },
         "pattern" : "(?:<APPLET /+\\t>])",
         "vars" : [
            {
               "parse" : [
                  "all",
                  1
               ],
               "type" : "REQUEST_ARGS"
            }
         ]
      },
      {
         "actions" : {
            "disrupt" : "SCORE",
            "nondisrupt" : [
               {
                  "action" : "setvar",
                  "data" : {
                     "col" : "TX",
                     "inc" : 1,
                     "key" : "anomaly_score",
                     "value" : 4
                  }
               }
            ]
         },
         "id" : 42097,
         "msg" : "XSS (Cross-Site Scripting) - IE Filter",
         "operator" : "REFIND",
         "opts" : {
            "transform" : [
               "html_decode",
               "compress_whitespace"
            ]
         },
         "pattern" : "(?:<OBJECT /+\\t].*?((type)|(codetype)|(classid)|(code)|(data))[ /+\\t]*=)",
         "vars" : [
            {
               "parse" : [
                  "all",
                  1
               ],
               "type" : "REQUEST_ARGS"
            }
         ]
      }
   ],
   "body_filter" : {},
   "header_filter" : {}
}
