[
  {
    "name": "Top Level",
    "parent": "null",
    "children": [
      {
        "name": "Level 2: A",
        "parent": "Top Level",
        "children": [
          {
            "name": "Son of A",
            "parent": "Level 2: A"
          },
          {
            "name": "Daughter of A",
            "parent": "Level 2: A",
            "children": [
              {
                "name": "Son of Daughter of A",
                "parent": "Daughter of A"
              },
              {
                "name": "Daughter of Daughter of A",
                "parent": "Daughter of A"
              }
            ]
          }
        ]
      },
      {
        "name": "Level 2: D",
        "parent": "Top Level"
      },
      {
        "name": "Level 2: C",
        "parent": "Top Level",
        "children": [
          {
            "name": "Son of C",
            "parent": "Level 2: C"
          },
          {
            "name": "Daughter of C",
            "parent": "Level 2: C"
          }
        ]
      },
      {
        "name": "Level 2: B",
        "parent": "Top Level"
      }
    ]
  }
]
