{
  "graph": [

  ],
  "nodes": [
    {
      "id": "ordering-macsmobile",
      "details": {
        "status": "DOWN",
        "type": "MICROSERVICE"
      },
      "lane": 2
    },
    {
      "id": "payment-gateway",
      "details": {
        "status": "UP",
        "type": "MICROSERVICE"
      },
      "lane": 2
    },
    {
      "id": "customer-premises-equipment",
      "details": {
        "status": "UP",
        "type": "MICROSERVICE"
      },
      "lane": 2
    },
    {
      "id": "product-stock",
      "details": {
        "status": "UP",
        "type": "MICROSERVICE"
      },
      "lane": 2
    },
    {
      "id": "proxipactProductsForStock",
      "details": {
        "status": "UNKNOWN",
        "type": "REST",
        "group": "PPT_GetProductForStock"
      },
      "lane": 3
    },
    {
      "id": "csaMaterialReservation",
      "details": {
        "status": "UNKNOWN",
        "type": "JMS",
        "group": "CSA"
      },
      "lane": 3
    },
    {
      "id": "ecmDataSource_",
      "details": {
        "status": "UP",
        "database": "Oracle",
        "hello": "Hello",
        "type": "DB",
        "group": "ECM"
      },
      "lane": 3
    },
    {
      "id": "sapStockConsultancy",
      "details": {
        "status": "UP",
        "version": "1.0",
        "type": "SOAP",
        "group": "SAP"
      },
      "lane": 3
    },
    {
      "id": "configServer",
      "details": {
        "status": "UP",
        "propertySources": [
          "overrides"
        ],
        "type": "MICROSERVICE",
        "group": "TOOLBOX"
      },
      "lane": 2
    },
    {
      "id": "cachedProductInventoryDataSource_",
      "details": {
        "status": "UP",
        "database": "Microsoft SQL Server",
        "hello": 1,
        "type": "DB",
        "group": "CACHEDPRODUCTINVENTORY"
      },
      "lane": 3
    },
    {
      "id": "ecaDataSource_",
      "details": {
        "status": "UP",
        "database": "Oracle",
        "hello": "Hello",
        "type": "DB",
        "group": "ECA"
      },
      "lane": 3
    },
    {
      "id": "discovery",
      "details": {
        "status": "UP",
        "description": "Spring Cloud Eureka Discovery Client",
        "discoveryClient": {
          "status": "UP",
          "description": "Spring Cloud Eureka Discovery Client",
          "services": [
            "messenger",
            "customer-premises-equipment",
            "installbase",
            "customer-proximus",
            "ereload",
            "cpvmain",
            "network-characteristics",
            "address",
            "payment-gateway",
            "zuul",
            "mpc2cpv",
            "cdb-replicator",
            "admin",
            "cdb-customer-provider",
            "products-sync",
            "prices",
            "shopping-basket",
            "user-application-trusts",
            "turbine",
            "products",
            "historical-usage-prepaid",
            "tariff-charges",
            "ordering-onedrive",
            "crypto",
            "quote-management",
            "ordering-macsmobile",
            "product-stock",
            "real-time-usage-prepaid",
            "shop-management",
            "user-avatar",
            "web-feedback",
            "customer-management",
            "awards",
            "offers",
            "webshop-business-configuration",
            "customer-application-access",
            "ordering-newchain",
            "agenda"
          ]
        },
        "type": "MICROSERVICE",
        "group": "TOOLBOX"
      },
      "lane": 2
    },
    {
      "id": "turbine",
      "details": {
        "status": "UP",
        "type": "MICROSERVICE"
      },
      "lane": 2
    },
    {
      "id": "shopping-basket",
      "details": {
        "status": "UP",
        "type": "MICROSERVICE"
      },
      "lane": 2
    },
    {
      "id": "testservice",
      "details": {
        "status": "UP",
        "type": "MICROSERVICE",
        "group": "BCI",
        "name": "testservice",
        "version": "1.0.0"
      },
      "lane": 2
    },
    {
      "id": "pptAwards",
      "details": {
        "status": "UNKNOWN"
      },
      "lane": 3
    },
    {
      "id": "pptDeviceTechnicalDetails",
      "details": {
        "status": "UNKNOWN"
      },
      "lane": 3
    },
    {
      "id": "db",
      "details": {
        "status": "UNKNOWN"
      },
      "lane": 3
    },
    {
      "id": "ngrpGetEligibleAwards",
      "details": {
        "status": "UNKNOWN"
      },
      "lane": 3
    },
    {
      "id": "crypto",
      "details": {
        "status": "UP",
        "type": "MICROSERVICE"
      },
      "lane": 2
    },
    {
      "id": "messenger",
      "details": {
        "status": "UP",
        "type": "MICROSERVICE"
      },
      "lane": 2
    },
    {
      "id": "user-avatar",
      "details": {
        "status": "UP",
        "type": "MICROSERVICE"
      },
      "lane": 2
    },
    {
      "id": "cpvmain",
      "details": {
        "status": "UP",
        "type": "MICROSERVICE"
      },
      "lane": 2
    },
    {
      "id": "products-sync",
      "details": {
        "status": "UP",
        "type": "MICROSERVICE"
      },
      "lane": 2
    },
    {
      "id": "ereload",
      "details": {
        "status": "UP",
        "type": "MICROSERVICE"
      },
      "lane": 2
    },
    {
      "id": "lmpgCustomerOrderManagement",
      "details": {
        "status": "UNKNOWN",
        "type": "JMS",
        "group": "LMPG"
      },
      "lane": 3
    },
    {
      "id": "real-time-usage-prepaid",
      "details": {
        "status": "UP",
        "type": "MICROSERVICE"
      },
      "lane": 2
    },
    {
      "id": "bmbProvisionningApi",
      "details": {
        "status": "UNKNOWN",
        "type": "SOAP",
        "group": "CSL"
      },
      "lane": 3
    },
    {
      "id": "ordering-onedrive",
      "details": {
        "status": "UP",
        "type": "MICROSERVICE"
      },
      "lane": 2
    },
    {
      "id": "products",
      "details": {
        "status": "UP",
        "type": "MICROSERVICE"
      },
      "lane": 2
    },
    {
      "id": "customer-application-access",
      "details": {
        "status": "UP",
        "type": "MICROSERVICE"
      },
      "lane": 2
    },
    {
      "id": "cssApplicationsAccess",
      "details": {
        "status": "UNKNOWN",
        "type": "REST",
        "group": "CSS_ApplicationsAccess"
      },
      "lane": 3
    },
    {
      "id": "cbmCBMFRITServices",
      "details": {
        "status": "UP",
        "version": "4.0.30319.18063",
        "type": "SOAP",
        "group": "CBM"
      },
      "lane": 3
    },
    {
      "id": "historical-usage-prepaid",
      "details": {
        "status": "UP",
        "type": "MICROSERVICE"
      },
      "lane": 2
    },
    {
      "id": "user-application-trusts",
      "details": {
        "status": "UP",
        "type": "MICROSERVICE"
      },
      "lane": 2
    },
    {
      "id": "cdb-customer-provider",
      "details": {
        "status": "UP",
        "type": "MICROSERVICE"
      },
      "lane": 2
    },
    {
      "id": "web-feedback",
      "details": {
        "status": "UP",
        "type": "MICROSERVICE"
      },
      "lane": 2
    },
    {
      "id": "cdb-replicator",
      "details": {
        "status": "UP",
        "type": "MICROSERVICE"
      },
      "lane": 2
    },
    {
      "id": "installbase",
      "details": {
        "status": "UP",
        "type": "MICROSERVICE"
      },
      "lane": 2
    },
    {
      "id": "bibProductInventoryConsultation",
      "details": {
        "status": "UNKNOWN",
        "type": "JMS",
        "group": "BIB"
      },
      "lane": 3
    },
    {
      "id": "bibProductInventoryGet",
      "details": {
        "status": "UNKNOWN",
        "type": "JMS",
        "group": "BIB"
      },
      "lane": 3
    },
    {
      "id": "pniRetrieveServiceInformation",
      "details": {
        "status": "UP",
        "version": "bgc.services.pni.retrieveserviceinformation.v2",
        "type": "SOAP",
        "group": "PNI"
      },
      "lane": 3
    },
    {
      "id": "network-characteristics",
      "details": {
        "status": "UP",
        "type": "MICROSERVICE"
      },
      "lane": 2
    },
    {
      "id": "shop-management",
      "details": {
        "status": "UP",
        "type": "MICROSERVICE"
      },
      "lane": 2
    },
    {
      "id": "customer-proximus",
      "details": {
        "status": "UP",
        "type": "MICROSERVICE"
      },
      "lane": 2
    },
    {
      "id": "quote-management",
      "details": {
        "status": "UP",
        "type": "MICROSERVICE"
      },
      "lane": 2
    },
    {
      "id": "address",
      "details": {
        "status": "UP",
        "type": "MICROSERVICE"
      },
      "lane": 2
    },
    {
      "id": "awards",
      "details": {
        "status": "UP",
        "type": "MICROSERVICE"
      },
      "lane": 2
    },
    {
      "id": "admin",
      "details": {
        "status": "UP",
        "type": "MICROSERVICE"
      },
      "lane": 2
    },
    {
      "id": "customer-management",
      "details": {
        "status": "DOWN",
        "type": "MICROSERVICE"
      },
      "lane": 2
    },
    {
      "id": "crmodsDataSource_",
      "details": {
        "status": "UP",
        "database": "Oracle",
        "hello": "Hello",
        "type": "DB",
        "group": "CRMODS"
      },
      "lane": 3
    },
    {
      "id": "pniSearchCustomerInformationNB",
      "details": {
        "status": "DOWN",
        "error": "com.pxs.middleware.integration.exceptions.TechnicalMiddlewareException: Could not send Message."
      },
      "lane": 3
    },
    {
      "id": "cslCustomer",
      "details": {
        "status": "UP",
        "version": "Customer 4.0 (since 2012 CRC03)",
        "type": "SOAP",
        "group": "CSL"
      },
      "lane": 3
    },
    {
      "id": "imaIMAServices",
      "details": {
        "status": "UP",
        "version": "IMA SERVICES - Service Version 1.1",
        "type": "SOAP",
        "group": "IMA"
      },
      "lane": 3
    },
    {
      "id": "bpsAccount",
      "details": {
        "status": "UP",
        "version": "",
        "type": "SOAP",
        "group": "BPS"
      },
      "lane": 3
    },
    {
      "id": "buscDataSource_",
      "details": {
        "status": "UP",
        "database": "Oracle",
        "hello": "Hello",
        "type": "DB",
        "group": "BUSC"
      },
      "lane": 3
    },
    {
      "id": "bpsGenericCustomerContact",
      "details": {
        "status": "DOWN",
        "error": "com.pxs.middleware.integration.exceptions.TechnicalMiddlewareException: Could not send Message."
      },
      "lane": 3
    },
    {
      "id": "udmUDMRetrieve",
      "details": {
        "status": "UP",
        "version": "",
        "type": "SOAP",
        "group": "UDM"
      },
      "lane": 3
    },
    {
      "id": "tpyUserProfile",
      "details": {
        "status": "UNKNOWN",
        "type": "REST",
        "group": "TPY"
      },
      "lane": 3
    },
    {
      "id": "pniBillingAccountManagement",
      "details": {
        "status": "UP",
        "version": "3.0",
        "type": "SOAP",
        "group": "PNI"
      },
      "lane": 3
    },
    {
      "id": "skyUserProfile",
      "details": {
        "status": "UNKNOWN",
        "type": "SOAP",
        "group": "SKY"
      },
      "lane": 3
    },
    {
      "id": "wlogSPServices",
      "details": {
        "status": "UP",
        "version": "WLOG-SPServices-4.0",
        "type": "SOAP",
        "group": "WLOG"
      },
      "lane": 3
    },
    {
      "id": "bciSearchCustomerContact",
      "details": {
        "status": "DOWN",
        "error": "com.pxs.middleware.integration.exceptions.TechnicalMiddlewareException: Could not send Message."
      },
      "lane": 3
    },
    {
      "id": "pdbDataSource_",
      "details": {
        "status": "UP",
        "database": "Oracle",
        "hello": "Hello",
        "type": "DB",
        "group": "PDB"
      },
      "lane": 3
    },
    {
      "id": "cslEmployee",
      "details": {
        "status": "UNKNOWN",
        "type": "SOAP",
        "group": "CSL"
      },
      "lane": 3
    },
    {
      "id": "bciManageCustomerContact",
      "details": {
        "status": "DOWN",
        "error": "com.pxs.middleware.integration.exceptions.TechnicalMiddlewareException: Could not send Message."
      },
      "lane": 3
    },
    {
      "id": "mbpIDPServices",
      "details": {
        "status": "UP",
        "version": "MBP-IDPServices-4.3",
        "type": "SOAP",
        "group": "MBP"
      },
      "lane": 3
    },
    {
      "id": "prices",
      "details": {
        "status": "UP",
        "type": "MICROSERVICE"
      },
      "lane": 2
    },
    {
      "id": "ordering-newchain",
      "details": {
        "status": "DOWN",
        "type": "MICROSERVICE"
      },
      "lane": 2
    },
    {
      "id": "mcomOrderOperationsBlocking",
      "details": {
        "status": "DOWN",
        "error": "com.pxs.middleware.integration.exceptions.TechnicalMiddlewareException: INVOCATION FAILURE [500 : Server Error][soap:Server]\nFailed to retrieve Rule-Service-SOAP instance BGCFWMCOMWorkCO.Services.RequestDataCheckService using access group MCOMSuper:Integrator"
      },
      "lane": 3
    },
    {
      "id": "mcomOrderOperations",
      "details": {
        "status": "UNKNOWN",
        "type": "JMS",
        "group": "MCOM"
      },
      "lane": 3
    },
    {
      "id": "bcgCodeGenerator",
      "details": {
        "status": "UP",
        "version": "",
        "type": "SOAP",
        "group": "BCG"
      },
      "lane": 3
    }
  ],
  "directed": true,
  "links": [
    {
      "source": 3,
      "target": 4
    },
    {
      "source": 3,
      "target": 5
    },
    {
      "source": 3,
      "target": 6
    },
    {
      "source": 3,
      "target": 7
    },
    {
      "source": 3,
      "target": 8
    },
    {
      "source": 3,
      "target": 9
    },
    {
      "source": 3,
      "target": 10
    },
    {
      "source": 3,
      "target": 11
    },
    {
      "source": 14,
      "target": 15
    },
    {
      "source": 14,
      "target": 16
    },
    {
      "source": 14,
      "target": 17
    },
    {
      "source": 14,
      "target": 18
    },
    {
      "source": 20,
      "target": 11
    },
    {
      "source": 20,
      "target": 8
    },
    {
      "source": 22,
      "target": 17
    },
    {
      "source": 22,
      "target": 11
    },
    {
      "source": 22,
      "target": 8
    },
    {
      "source": 24,
      "target": 11
    },
    {
      "source": 24,
      "target": 8
    },
    {
      "source": 24,
      "target": 25
    },
    {
      "source": 26,
      "target": 8
    },
    {
      "source": 26,
      "target": 11
    },
    {
      "source": 26,
      "target": 27
    },
    {
      "source": 30,
      "target": 31
    },
    {
      "source": 30,
      "target": 32
    },
    {
      "source": 30,
      "target": 8
    },
    {
      "source": 30,
      "target": 11
    },
    {
      "source": 33,
      "target": 8
    },
    {
      "source": 33,
      "target": 11
    },
    {
      "source": 34,
      "target": 8
    },
    {
      "source": 34,
      "target": 11
    },
    {
      "source": 35,
      "target": 8
    },
    {
      "source": 35,
      "target": 17
    },
    {
      "source": 35,
      "target": 11
    },
    {
      "source": 38,
      "target": 8
    },
    {
      "source": 38,
      "target": 11
    },
    {
      "source": 38,
      "target": 39
    },
    {
      "source": 38,
      "target": 40
    },
    {
      "source": 38,
      "target": 41
    },
    {
      "source": 45,
      "target": 8
    },
    {
      "source": 45,
      "target": 11
    },
    {
      "source": 47,
      "target": 11
    },
    {
      "source": 47,
      "target": 16
    },
    {
      "source": 47,
      "target": 17
    },
    {
      "source": 47,
      "target": 8
    },
    {
      "source": 47,
      "target": 15
    },
    {
      "source": 47,
      "target": 18
    },
    {
      "source": 49,
      "target": 50
    },
    {
      "source": 49,
      "target": 51
    },
    {
      "source": 49,
      "target": 52
    },
    {
      "source": 49,
      "target": 53
    },
    {
      "source": 49,
      "target": 11
    },
    {
      "source": 49,
      "target": 54
    },
    {
      "source": 49,
      "target": 8
    },
    {
      "source": 49,
      "target": 55
    },
    {
      "source": 49,
      "target": 56
    },
    {
      "source": 49,
      "target": 57
    },
    {
      "source": 49,
      "target": 58
    },
    {
      "source": 49,
      "target": 59
    },
    {
      "source": 49,
      "target": 60
    },
    {
      "source": 49,
      "target": 61
    },
    {
      "source": 49,
      "target": 62
    },
    {
      "source": 49,
      "target": 63
    },
    {
      "source": 49,
      "target": 64
    },
    {
      "source": 49,
      "target": 65
    },
    {
      "source": 49,
      "target": 66
    },
    {
      "source": 68,
      "target": 69
    },
    {
      "source": 68,
      "target": 70
    },
    {
      "source": 68,
      "target": 8
    },
    {
      "source": 68,
      "target": 71
    },
    {
      "source": 68,
      "target": 11
    }
  ],
  "lanes": [
    {
      "type": "UI",
      "lane": 0
    },
    {
      "type": "Endpoint",
      "lane": 1
    },
    {
      "type": "Microservice",
      "lane": 2
    },
    {
      "type": "Backend",
      "lane": 3
    }
  ],
  "multigraph": false
}
