{
  "generator-gulp-angular": {
    "version": "0.12.1",
    "props": {
      "angularVersion": "~1.4.0",
      "angularModules": [],
      "jQuery": {
        "key": "none"
      },
      "resource": {
        "key": "none",
        "module": null
      },
      "router": {
        "key": "ui-router",
        "module": "ui.router"
      },
      "ui": {
        "key": "foundation",
        "module": null
      },
      "foundationComponents": {
        "key": "angular-foundation",
        "module": "mm.foundation"
      },
      "cssPreprocessor": {
        "key": "node-sass",
        "extension": "scss"
      },
      "jsPreprocessor": {
        "key": "none",
        "extension": "js",
        "srcExtension": "js"
      },
      "htmlPreprocessor": {
        "key": "none",
        "extension": "html"
      },
      "bootstrapComponents": {
        "name": null,
        "version": null,
        "key": null,
        "module": null
      },
      "paths": {
        "src": "src",
        "dist": "dist",
        "e2e": "e2e",
        "tmp": ".tmp"
      }
    }
  }
}