{
  "directed": true,
  "types": [
    "DB",
    "MICROSERVICE",
    "REST",
    "SOAP",
    "JMS",
    "RESOURCE"
  ],
  "nodes": [
    {
      "details": {
        "type": "MICROSERVICE",
        "status": "UP"
      },
      "id": "customer-group",
      "lane": 2
    },
    {
      "details": {
        "type": "SOAP",
        "status": "UNKNOWN",
        "group": "ASL"
      },
      "id": "aslEmployee",
      "lane": 3
    },
    {
      "details": {
        "type": "SOAP",
        "version": "Group 2.0 (since 2013 CYCLE2)",
        "status": "UP",
        "group": "ASL"
      },
      "id": "aslGroup",
      "lane": 3
    },
    {
      "details": {
        "discoveryClient": {
          "description": "Spring Cloud Eureka Discovery Client",
          "status": "UP",
          "services": [
            "webshop-catalogue",
            "customer-group",
            "customer-base",
            "customer-access",
            "ordering-pets",
            "user-avatar",
            "tariff-charges",
            "admin",
            "pizza-feedback",
            "pizza-transactions",
            "user-preferences",
            "customer-addresses",
            "shop-management",
            "products",
            "address",
            "zuul",
            "customer-finance",
            "encryption",
            "transport",
            "loyalty-program",
            "web-feedback",
            "shopping-basket",
            "payment-gateway",
            "installbase",
            "billing-complaints",
            "hystrix",
            "italian-food",
            "pizza-stock",
            "offers",
            "billing-replicator",
            "usage",
            "customer-gear",
            "prices",
            "awards",
            "billing-payments",
            "user",
            "customer-access-numbers",
            "customer-administrators",
            "pizza-management",
            "billing-accounts",
            "marketing",
            "agenda",
            "customer-management",
            "company-cars",
            "order-processor",
            "webshop-accounts",
            "ordering-cakes",
            "bill-downloader"
          ]
        },
        "eureka": {
          "description": "Remote status from Eureka server",
          "status": "UP",
          "applications": {
            "WEBSHOP-CATALOGUE": 1,
            "ARCHETYPE-TEST": 0,
            "CUSTOMER-GROUP": 1,
            "CUSTOMER-BASE": 1,
            "CUSTOMER-ACCESS": 1,
            "ORDERING-PETS": 1,
            "USER-AVATAR": 1,
            "RENUNCIATION": 0,
            "TARIFF-CHARGES": 2,
            "ADMIN": 1,
            "PIZZA-FEEDBACK": 1,
            "BILL-DOWNLOADER": 1,
            "PIZZA-TRANSACTIONS": 1,
            "USER-PREFERENCES": 1,
            "CUSTOMER-ADDRESSES": 1,
            "ORDERING-CAKES": 1,
            "SHOP-MANAGEMENT": 1,
            "PRODUCTS": 1,
            "ADDRESS": 1,
            "ZUUL": 1,
            "CUSTOMER-FINANCE": 1,
            "ENCRYPTION": 1,
            "TRANSPORT": 1,
            "WEBSHOP-ACCOUNTS": 1,
            "LOYALTY-PROGRAM": 2,
            "WEB-FEEDBACK": 1,
            "SHOPPING-BASKET": 1,
            "PAYMENT-GATEWAY": 1,
            "INSTALLBASE": 1,
            "BILLING-COMPLAINTS": 1,
            "HYSTRIX": 1,
            "ITALIAN-FOOD": 1,
            "PIZZA-STOCK": 1,
            "OFFERS": 1,
            "PREPAID-IDENTIFICATION": 0,
            "BILLING-REPLICATOR": 1,
            "USAGE": 1,
            "CUSTOMER-GEAR": 1,
            "ORDER-PROCESSOR": 1,
            "PRICES": 1,
            "AWARDS": 1,
            "BILLING-PAYMENTS": 1,
            "EUREKA": 0,
            "USER": 1,
            "CUSTOMER-ACCESS-NUMBERS": 1,
            "ORDERING-LOYALTY": 0,
            "CUSTOMER-ADMINISTRATORS": 1,
            "PIZZA-MANAGEMENT": 1,
            "BILLING-ACCOUNTS": 1,
            "MARKETING": 1,
            "AGENDA": 1,
            "CUSTOMER-MANAGEMENT": 1,
            "COMPANY-CARS": 1
          }
        },
        "description": "Spring Cloud Eureka Discovery Client",
        "status": "UP"
      },
      "id": "discoveryComposite",
      "lane": 3
    },
    {
      "details": {
        "description": "Spring Cloud Eureka Discovery Client",
        "type": "MICROSERVICE",
        "status": "UP"
      },
      "id": "customer-base",
      "lane": 2
    },
    {
      "details": {
        "database": "Microsoft SQL Server",
        "hello": 1,
        "status": "UP"
      },
      "id": "db",
      "lane": 3
    },
    {
      "details": {
        "description": "Spring Cloud Eureka Discovery Client",
        "type": "MICROSERVICE",
        "status": "UP"
      },
      "id": "user-preferences",
      "lane": 2
    },
    {
      "details": {
        "type": "MICROSERVICE",
        "status": "UP"
      },
      "id": "loyalty-program",
      "lane": 2
    },
    {
      "details": {
        "type": "SOAP",
        "version": "",
        "status": "UP",
        "group": "ENGP"
      },
      "id": "engpLoyaltyDetails",
      "lane": 3
    },
    {
      "details": {
        "type": "SOAP",
        "version": "",
        "status": "UP",
        "group": "ENGP"
      },
      "id": "engpEligibleLoyaltyProgram",
      "lane": 3
    },
    {
      "details": {
        "minVersion": "1.0.2",
        "type": "MICROSERVICE",
        "version": "1.4.0",
        "status": "UP",
        "group": "FUNCTIONAL"
      },
      "id": "user",
      "lane": 2
    },
    {
      "details": {
        "type": "SOAP",
        "version": "1.9",
        "status": "UP",
        "group": "OCT"
      },
      "id": "octLoyaltyManagement",
      "lane": 3
    },
    {
      "details": {
        "type": "SOAP",
        "version": "",
        "status": "UP",
        "group": "ENGP"
      },
      "id": "engpEnrollment",
      "lane": 3
    },
    {
      "details": {
        "type": "SOAP",
        "version": "",
        "status": "UP",
        "group": "ENGP"
      },
      "id": "engpTransferEligibility",
      "lane": 3
    },
    {
      "details": {
        "type": "SOAP",
        "version": "",
        "status": "UP",
        "group": "ENGP"
      },
      "id": "engpTransactionsPerMonth",
      "lane": 3
    },
    {
      "details": {
        "type": "SOAP",
        "version": "",
        "status": "UP",
        "group": "ENGP"
      },
      "id": "engpPointsManagement",
      "lane": 3
    },
    {
      "details": {
        "type": "SOAP",
        "version": "",
        "status": "UP",
        "group": "ENGP"
      },
      "id": "engpTransferPoints",
      "lane": 3
    },
    {
      "details": {
        "type": "MICROSERVICE",
        "status": "UP"
      },
      "id": "pizza-stock",
      "lane": 2
    },
    {
      "details": {
        "type": "REST",
        "status": "UNKNOWN",
        "group": "STC"
      },
      "id": "stockVerification",
      "lane": 3
    },
    {
      "details": {
        "type": "SOAP",
        "version": "1.0",
        "status": "UP",
        "group": "SAP"
      },
      "id": "sapStockCheck",
      "lane": 3
    },
    {
      "details": {
        "type": "JMS",
        "status": "UNKNOWN",
        "group": "CSA"
      },
      "id": "csaMaterialReservationQueue",
      "lane": 3
    },
    {
      "details": {
        "provider": "SonicMQ/Java",
        "domain": "esb_s21",
        "broker": "tcp://huehs02992:2506,tcp://huehs02993:2506",
        "status": "UP",
        "username": "andreasevers"
      },
      "id": "jms",
      "lane": 3
    },
    {
      "details": {
        "database": "Oracle",
        "hello": "Hello",
        "type": "DB",
        "status": "UP",
        "group": "STC"
      },
      "id": "stockDataSource_",
      "lane": 3
    },
    {
      "details": {
        "database": "Microsoft SQL Server",
        "hello": 1,
        "type": "DB",
        "status": "UP",
        "group": "PRD"
      },
      "id": "productCacheDataSource_",
      "lane": 3
    },
    {
      "details": {
        "database": "Oracle",
        "hello": "Hello",
        "type": "DB",
        "status": "UP",
        "group": "PRD"
      },
      "id": "productDataSource_",
      "lane": 3
    },
    {
      "details": {
        "description": "Spring Cloud Eureka Discovery Client",
        "type": "MICROSERVICE",
        "status": "UP"
      },
      "id": "user-avatar",
      "lane": 2
    },
    {
      "details": {
        "type": "MICROSERVICE",
        "status": "DOWN"
      },
      "id": "agenda",
      "lane": 2
    },
    {
      "details": {
        "type": "SOAP",
        "version": "",
        "status": "UP",
        "group": "ACC"
      },
      "id": "accAccountSOAPService",
      "lane": 3
    },
    {
      "details": {
        "error": "be.ordina.BackendNotAvailableException: TIMEOUT",
        "status": "DOWN"
      },
      "id": "pnaBillingAccountManagement",
      "lane": 3
    },
    {
      "details": {
        "type": "SOAP",
        "status": "UNKNOWN",
        "group": "PNA"
      },
      "id": "pnaBillingAccountSearch",
      "lane": 3
    },
    {
      "details": {
        "description": "Spring Cloud Eureka Discovery Client",
        "type": "MICROSERVICE",
        "status": "UP"
      },
      "id": "tariff-charges",
      "lane": 2
    },
    {
      "details": {
        "description": "Spring Cloud Eureka Discovery Client",
        "type": "MICROSERVICE",
        "status": "UP"
      },
      "id": "shop-management",
      "lane": 2
    },
    {
      "details": {
        "type": "MICROSERVICE",
        "status": "UP"
      },
      "id": "awards",
      "lane": 2
    },
    {
      "details": {
        "type": "SOAP",
        "version": "",
        "status": "UP",
        "group": "ENGP"
      },
      "id": "engpAwardsEligibility",
      "lane": 3
    },
    {
      "details": {
        "type": "REST",
        "status": "UNKNOWN",
        "group": "PTT"
      },
      "id": "pttAwards",
      "lane": 3
    },
    {
      "details": {
        "type": "REST",
        "status": "UNKNOWN",
        "group": "PTT"
      },
      "id": "pttAwardsDetails",
      "lane": 3
    },
    {
      "details": {
        "description": "Spring Cloud Eureka Discovery Client",
        "type": "MICROSERVICE",
        "status": "UP"
      },
      "id": "web-feedback",
      "lane": 2
    },
    {
      "details": {
        "database": "Microsoft SQL Server",
        "hello": 1,
        "type": "DB",
        "status": "UP",
        "group": "WEB"
      },
      "id": "webFeedbackDataSource_",
      "lane": 3
    },
    {
      "details": {
        "description": "Spring Cloud Eureka Discovery Client",
        "type": "MICROSERVICE",
        "status": "UP"
      },
      "id": "pizza-feedback",
      "lane": 2
    },
    {
      "details": {
        "type": "MICROSERVICE",
        "status": "UP"
      },
      "id": "customer-access",
      "lane": 2
    },
    {
      "details": {
        "type": "SOAP",
        "version": "5.0.32242.23604",
        "status": "UP",
        "group": "FIR"
      },
      "id": "firAccessSOAPService",
      "lane": 3
    },
    {
      "details": {
        "type": "REST",
        "status": "UNKNOWN",
        "group": "CSA"
      },
      "id": "csaCustomerAccess",
      "lane": 3
    },
    {
      "details": {
        "type": "MICROSERVICE",
        "status": "UP"
      },
      "id": "offers",
      "lane": 2
    },
    {
      "details": {
        "type": "SOAP",
        "version": "",
        "status": "UP",
        "group": "MDE"
      },
      "id": "mdeDal",
      "lane": 3
    },
    {
      "details": {
        "database": "Microsoft SQL Server",
        "hello": 1,
        "type": "DB",
        "status": "UP",
        "group": "OFFERS"
      },
      "id": "offersDataSource_",
      "lane": 3
    },
    {
      "details": {
        "description": "Spring Cloud Eureka Discovery Client",
        "type": "MICROSERVICE",
        "status": "UP"
      },
      "id": "usage",
      "lane": 2
    },
    {
      "details": {
        "type": "SOAP",
        "status": "UNKNOWN",
        "group": "AMB"
      },
      "id": "ambProvisioningApi",
      "lane": 3
    },
    {
      "details": {
        "type": "MICROSERVICE",
        "status": "UP"
      },
      "id": "ordering-pets",
      "lane": 2
    },
    {
      "details": {
        "type": "JMS",
        "status": "UNKNOWN",
        "group": "SIL"
      },
      "id": "silOrder",
      "lane": 3
    },
    {
      "details": {
        "type": "JMS",
        "status": "UNKNOWN",
        "group": "SIL"
      },
      "id": "silMsVerification",
      "lane": 3
    },
    {
      "details": {
        "type": "MICROSERVICE",
        "status": "UP"
      },
      "id": "marketing",
      "lane": 2
    },
    {
      "details": {
        "type": "JMS",
        "status": "UNKNOWN",
        "group": "LMPG"
      },
      "id": "lmpgCustomerOrderManagement",
      "lane": 3
    },
    {
      "details": {
        "type": "MICROSERVICE",
        "status": "UP"
      },
      "id": "company-cars",
      "lane": 2
    },
    {
      "details": {
        "type": "REST",
        "version": "",
        "status": "UP",
        "group": "APS"
      },
      "id": "carBackingService",
      "lane": 3
    },
    {
      "details": {
        "virtual": true,
        "custom": [],
        "name": "testResource",
        "type": "RESOURCE",
        "status": "VIRTUAL"
      },
      "id": "1",
      "lane": 3
    },
    {
      "details": {
        "docs": "http://localhost:8089/customer-group/generated-docs/api-guide.html#resources-group",
        "type": "RESOURCE",
        "url": "http://host0019.local:8241/customer-group/customer-group/{groupId}",
        "status": "UP"
      },
      "id": "cugr:group",
      "lane": 1
    },
    {
      "details": {
        "docs": "http://localhost:8089/customer-base/generated-docs/api-guide.html#resources-access-number",
        "type": "RESOURCE",
        "url": "http://host0018.local:8061/customer-base/accessNumber/{accessNumber}/customer",
        "status": "UP"
      },
      "id": "cuba:access-number",
      "lane": 1
    },
    {
      "details": {
        "docs": "http://localhost:8089/customer-base/generated-docs/api-guide.html#resources-access-number-summary",
        "type": "RESOURCE",
        "url": "http://host0018.local:8061/customer-base/accessNumber/{accessNumber}/customerSummary",
        "status": "UP"
      },
      "id": "cuba:access-number-summary",
      "lane": 1
    },
    {
      "details": {
        "docs": "http://localhost:8089/customer-base/generated-docs/api-guide.html#resources-customer",
        "type": "RESOURCE",
        "url": "http://host0018.local:8061/customer-base/customer/{cdbID}",
        "status": "UP"
      },
      "id": "cuba:customer",
      "lane": 1
    },
    {
      "details": {
        "docs": "http://localhost:8089/customer-base/generated-docs/api-guide.html#resources-customer-summary",
        "type": "RESOURCE",
        "url": "http://host0018.local:8061/customer-base/customerSummary/{cdbID}",
        "status": "UP"
      },
      "id": "cuba:customer-summary",
      "lane": 1
    },
    {
      "details": {
        "docs": "http://localhost:8089/customer-base/generated-docs/api-guide.html#resources-billing-address-old",
        "type": "RESOURCE",
        "url": "http://host0018.local:8061/customer-base/customer/{cdbID}/paymentAgreement/{paID}/oldBillingAddress",
        "status": "UP"
      },
      "id": "cuba:billing-address-old",
      "lane": 1
    },
    {
      "details": {
        "docs": "http://localhost:8089/customer-base/generated-docs/api-guide.html#resources-billing-address",
        "type": "RESOURCE",
        "url": "http://host0018.local:8061/customer-base/customer/{cdbID}/paymentAgreement/{paID}/billingAddress",
        "status": "UP"
      },
      "id": "cuba:billing-address",
      "lane": 1
    },
    {
      "details": {
        "docs": "http://localhost:8089/customer-base/generated-docs/api-guide.html#resources-customer-address",
        "type": "RESOURCE",
        "url": "http://host0018.local:8061/customer-base/customer/{cdbID}/customerAddress",
        "status": "UP"
      },
      "id": "cuba:customer-address",
      "lane": 1
    },
    {
      "details": {
        "docs": "http://localhost:8089/customer-base/generated-docs/api-guide.html#resources-addresses",
        "type": "RESOURCE",
        "url": "http://host0018.local:8061/customer-base/customer/{cdbID}/pa/{paID}/addresses{?accessNumber}",
        "status": "UP"
      },
      "id": "cuba:addresses",
      "lane": 1
    },
    {
      "details": {
        "docs": "http://localhost:8089/loyalty-program/generated-docs/api-guide.html#resources-loyalty-program-subscription",
        "type": "RESOURCE",
        "url": "http://host0020.local:8301/loyalty-program/customer/{customerId}/loyalty-program-subscription",
        "status": "UP"
      },
      "id": "lp:loyalty-program-subscription",
      "lane": 1
    },
    {
      "details": {
        "docs": "http://localhost:8089/loyalty-program/generated-docs/api-guide.html#resources-loyalty-program-subscription-details",
        "type": "RESOURCE",
        "url": "http://host0020.local:8301/loyalty-program/customer/loyalty-program-subscription",
        "status": "UP"
      },
      "id": "lp:loyalty-program-subscription-details",
      "lane": 1
    },
    {
      "details": {
        "docs": "http://localhost:8089/loyalty-program/generated-docs/api-guide.html#resources-loyalty-points-transfer-eligibility",
        "type": "RESOURCE",
        "url": "http://host0020.local:8301/loyalty-program/eligibility-check/loyalty-program-subscription/{loyalty-program-subscription-id}/transfer",
        "status": "UP"
      },
      "id": "lp:loyalty-points-transfer-eligibility",
      "lane": 1
    },
    {
      "details": {
        "docs": "http://localhost:8089/loyalty-program/generated-docs/api-guide.html#resources-loyalty-eligibility",
        "type": "RESOURCE",
        "url": "http://host0020.local:8301/loyalty-program/customer/{customerId}/loyalty-eligibility",
        "status": "UP"
      },
      "id": "lp:loyalty-eligibility",
      "lane": 1
    },
    {
      "details": {
        "docs": "http://localhost:8089/loyalty-program/generated-docs/api-guide.html#resources-loyalty-points-history",
        "type": "RESOURCE",
        "url": "http://host0020.local:8301/loyalty-program/customer/{customerId}/loyalty-points{?fromDate,toDate}",
        "status": "UP"
      },
      "id": "lp:loyalty-points-history",
      "lane": 1
    },
    {
      "details": {
        "docs": "http://localhost:8089/loyalty-program/generated-docs/api-guide.html#resources-loyalty-points-transaction",
        "type": "RESOURCE",
        "url": "http://host0020.local:8301/loyalty-program/loyalty-program-subscription/{loyaltyProgramSubscriptionId}/transaction",
        "status": "UP"
      },
      "id": "lp:loyalty-points-transaction",
      "lane": 1
    },
    {
      "details": {
        "docs": "http://localhost:8089/pizza-stock/generated-docs/api-guide.html#resources-consult-stock-amounts",
        "type": "RESOURCE",
        "url": "http://host0018.local:8201/pizza-stock/stock-amounts",
        "status": "UP"
      },
      "id": "sto:consult-stock-amounts",
      "lane": 1
    },
    {
      "details": {
        "docs": "http://localhost:8089/pizza-stock/generated-docs/api-guide.html#resources-pizza-stocks",
        "type": "RESOURCE",
        "url": "http://host0018.local:8201/pizza-stock/pizza-stocks",
        "status": "UP"
      },
      "id": "sto:pizza-stocks",
      "lane": 1
    },
    {
      "details": {
        "docs": "http://localhost:8089/pizza-stock/generated-docs/api-guide.html#resources-pizza-stock",
        "type": "RESOURCE",
        "url": "http://host0018.local:8201/pizza-stock/pizza/{pizzaId}/pizza-stock",
        "status": "UP"
      },
      "id": "sto:pizza-stock",
      "lane": 1
    },
    {
      "details": {
        "docs": "http://localhost:8089/pizza-stock/generated-docs/api-guide.html#resources-update-pizza-stock",
        "type": "RESOURCE",
        "url": "http://host0018.local:8201/pizza-stock/pizza/{pizzaId}/pizza-stock",
        "status": "UP"
      },
      "id": "sto:update-pizza-stock",
      "lane": 1
    },
    {
      "details": {
        "docs": "http://localhost:8089/pizza-stock/generated-docs/api-guide.html#resources-pizza-stock-changes",
        "type": "RESOURCE",
        "url": "http://host0018.local:8201/pizza-stock/pizza-stocks/changes",
        "status": "UP"
      },
      "id": "sto:pizza-stock-changes",
      "lane": 1
    },
    {
      "details": {
        "docs": "http://localhost:8089/pizza-stock/generated-docs/api-guide.html#resources-pizza-stocks-availability",
        "type": "RESOURCE",
        "url": "http://host0018.local:8201/pizza-stock/shops/pizza-stock-availabilities",
        "status": "UP"
      },
      "id": "sto:pizza-stocks-availability",
      "lane": 1
    },
    {
      "details": {
        "docs": "http://localhost:8089/pizza-stock/generated-docs/api-guide.html#resources-pizza-stock-locator",
        "type": "RESOURCE",
        "url": "http://host0018.local:8201/pizza-stock/pizza-stock-locator/{type}/{locationId}",
        "status": "UP"
      },
      "id": "sto:pizza-stock-locator",
      "lane": 1
    },
    {
      "details": {
        "docs": "http://localhost:8089/pizza-stock/generated-docs/api-guide.html#resources-pizza-stock-reservation",
        "type": "RESOURCE",
        "url": "http://host0018.local:8201/pizza-stock/order/{orderId}/stock-reservation?email={email}",
        "status": "UP"
      },
      "id": "sto:pizza-stock-reservation",
      "lane": 1
    },
    {
      "details": {
        "docs": "http://localhost:8089/pizza-stock/generated-docs/api-guide.html#resources-cancel-reservation",
        "type": "RESOURCE",
        "url": "http://host0018.local:8201/pizza-stock/order/{orderId}/stock-reservation",
        "status": "UP"
      },
      "id": "sto:cancel-reservation",
      "lane": 1
    },
    {
      "details": {
        "docs": "http://localhost:8089/user/generated-docs/api-guide.html#resources-user",
        "type": "RESOURCE",
        "url": "http://host0019.local:8161/user/user{?includes}",
        "status": "UP"
      },
      "id": "us:user",
      "lane": 1
    },
    {
      "details": {
        "docs": "http://localhost:8089/user/generated-docs/api-guide.html#resources-roles",
        "type": "RESOURCE",
        "url": "http://host0019.local:8161/user/user/roles",
        "status": "UP"
      },
      "id": "us:roles",
      "lane": 1
    },
    {
      "details": {
        "docs": "http://localhost:8089/user/generated-docs/api-guide.html#resources-role",
        "type": "RESOURCE",
        "url": "http://host0019.local:8161/user/user/{userId}/role{?mobile}",
        "status": "UP"
      },
      "id": "us:role",
      "lane": 1
    },
    {
      "details": {
        "docs": "http://localhost:8089/user/generated-docs/api-guide.html#resources-password-verification",
        "type": "RESOURCE",
        "url": "http://host0019.local:8161/user/user/password-verification",
        "status": "UP"
      },
      "id": "us:password-verification",
      "lane": 1
    },
    {
      "details": {
        "docs": "http://localhost:8089/user-avatar/generated-docs/api-guide.html#resources-avatar",
        "type": "RESOURCE",
        "url": "http://host0018.local:8161/user-avatar/user/avatar",
        "status": "UP"
      },
      "id": "ava:avatar",
      "lane": 1
    },
    {
      "details": {
        "docs": "http://localhost:8089/user-avatar/generated-docs/api-guide.html#resources-avatar-by-id",
        "type": "RESOURCE",
        "url": "http://host0018.local:8161/user-avatar/user/{userId}/avatar",
        "status": "UP"
      },
      "id": "ava:avatar-by-id",
      "lane": 1
    },
    {
      "details": {
        "docs": "http://localhost:8089/tariff-charges/generated-docs/api-guide.html#resources-priceplan",
        "type": "RESOURCE",
        "url": "http://host0019.local:8021/tariff-charges/priceplan/{priceplanId}",
        "status": "UP"
      },
      "id": "tc:priceplan",
      "lane": 1
    },
    {
      "details": {
        "docs": "http://localhost:8089/shop-management/generated-docs/api-guide.html#resources-management",
        "type": "RESOURCE",
        "url": "http://host0018.local:8281/shop-management/management",
        "status": "UP"
      },
      "id": "sho:management",
      "lane": 1
    },
    {
      "details": {
        "docs": "http://localhost:8089/shop-management/generated-docs/api-guide.html#resources-shops",
        "type": "RESOURCE",
        "url": "http://host0018.local:8281/shop-management/shops",
        "status": "UP"
      },
      "id": "sho:shops",
      "lane": 1
    },
    {
      "details": {
        "docs": "http://localhost:8089/shop-management/generated-docs/api-guide.html#resources-shop",
        "type": "RESOURCE",
        "url": "http://host0018.local:8281/shop-management/shop/{id}?context={context}",
        "status": "UP"
      },
      "id": "sho:shop",
      "lane": 1
    },
    {
      "details": {
        "docs": "http://localhost:8089/awards/generated-docs/api-guide.html#resources-awards",
        "type": "RESOURCE",
        "url": "http://host0014.local:8281/awards/customer/{customerId}/awards?filter={filter}",
        "status": "UP"
      },
      "id": "awa:awards",
      "lane": 1
    },
    {
      "details": {
        "docs": "http://localhost:8089/awards/generated-docs/api-guide.html#resources-award",
        "type": "RESOURCE",
        "url": "http://host0014.local:8281/awards/customer/{customerId}/award/{awardId}",
        "status": "UP"
      },
      "id": "awa:award",
      "lane": 1
    },
    {
      "details": {
        "docs": "http://localhost:8089/web-feedback/generated-docs/api-guide.html#resources-types",
        "type": "RESOURCE",
        "url": "http://host0018.local:8301/web-feedback/types",
        "status": "UP"
      },
      "id": "web:types",
      "lane": 1
    },
    {
      "details": {
        "docs": "http://localhost:8089/web-feedback/generated-docs/api-guide.html#resources-feedback",
        "type": "RESOURCE",
        "url": "http://host0018.local:8301/web-feedback/support-article/{id}/feedback",
        "status": "UP"
      },
      "id": "web:feedback",
      "lane": 1
    },
    {
      "details": {
        "docs": "http://localhost:8089/pizza-feedback/generated-docs/api-guide.html#resources-application-trusts",
        "type": "RESOURCE",
        "url": "http://host0018.local:8321/pizza-feedback/user/application/trusts",
        "status": "UP"
      },
      "id": "uat:application-trusts",
      "lane": 1
    },
    {
      "details": {
        "docs": "http://localhost:8089/pizza-feedback/generated-docs/api-guide.html#resources-application-trust",
        "type": "RESOURCE",
        "url": "http://host0018.local:8321/pizza-feedback/user/application/trusts/{app-id}",
        "status": "UP"
      },
      "id": "uat:application-trust",
      "lane": 1
    },
    {
      "details": {
        "docs": "http://localhost:8089/customer-access/generated-docs/api-guide.html#resources-fixed-access",
        "type": "RESOURCE",
        "url": "http://host0018.local:8141/customer-access/customers/{customerIds}/fixed",
        "status": "UP"
      },
      "id": "ca:fixed-access",
      "lane": 1
    },
    {
      "details": {
        "docs": "http://localhost:8089/customer-access/generated-docs/api-guide.html#resources-mobile-access",
        "type": "RESOURCE",
        "url": "http://host0018.local:8141/customer-access/mobile",
        "status": "UP"
      },
      "id": "ca:mobile-access",
      "lane": 1
    },
    {
      "details": {
        "docs": "http://localhost:8089/offers/generated-docs/api-guide.html#resources-echo",
        "type": "RESOURCE",
        "url": "http://jboss0019.local:8141/offers/echo{?echoMessage}",
        "status": "UP"
      },
      "id": "of:echo",
      "lane": 1
    },
    {
      "details": {
        "docs": "http://localhost:8089/offers/generated-docs/api-guide.html#resources-offers",
        "type": "RESOURCE",
        "url": "http://jboss0019.local:8141/offers/offers/{channel}",
        "status": "UP"
      },
      "id": "of:offers",
      "lane": 1
    },
    {
      "details": {
        "docs": "http://localhost:8089/offers/generated-docs/api-guide.html#resources-offers-internal",
        "type": "RESOURCE",
        "url": "http://jboss0019.local:8141/offers/offers",
        "status": "UP"
      },
      "id": "of:offers-internal",
      "lane": 1
    },
    {
      "details": {
        "docs": "http://localhost:8089/offers/generated-docs/api-guide.html#resources-answer",
        "type": "RESOURCE",
        "url": "http://jboss0019.local:8141/offers/offer/{channel}/{offerId}/{answer}",
        "status": "UP"
      },
      "id": "of:answer",
      "lane": 1
    },
    {
      "details": {
        "docs": "http://localhost:8089/usage/generated-docs/api-guide.html#resources-usage",
        "type": "RESOURCE",
        "url": "http://host0018.local:8241/usage/usage/{msisdn}",
        "status": "UP"
      },
      "id": "usa:usage",
      "lane": 1
    },
    {
      "details": {
        "docs": "http://localhost:8089/ordering-pets/generated-docs/api-guide.html#resources-pets",
        "type": "RESOURCE",
        "url": "http://host0014.local:8321/ordering-pets/pets",
        "status": "UP"
      },
      "id": "pet:pets",
      "lane": 1
    },
    {
      "details": {
        "docs": "http://localhost:8089/ordering-pets/generated-docs/api-guide.html#resources-domain",
        "type": "RESOURCE",
        "url": "http://host0014.local:8321/ordering-pets/domain/{domainName}/availability",
        "status": "UP"
      },
      "id": "pet:domain",
      "lane": 1
    },
    {
      "details": {
        "docs": "http://localhost:8089/ordering-pets/generated-docs/api-guide.html#resources-order",
        "type": "RESOURCE",
        "url": "http://host0014.local:8321/ordering-pets/order",
        "status": "UP"
      },
      "id": "pet:order",
      "lane": 1
    },
    {
      "details": {
        "docs": "http://localhost:8089/marketing/generated-docs/api-guide.html#resources-campaigns",
        "type": "RESOURCE",
        "url": "http://host0014.local:8181/marketing/campaigns",
        "status": "UP"
      },
      "id": "mar:campaigns",
      "lane": 1
    },
    {
      "details": {
        "docs": "http://localhost:8089/marketing/generated-docs/api-guide.html#resources-campaign-role",
        "type": "RESOURCE",
        "url": "http://host0014.local:8181/marketing/campaign/{campaignId}/role/{roleId}",
        "status": "UP"
      },
      "id": "mar:campaign-role",
      "lane": 1
    },
    {
      "details": {
        "docs": "http://localhost:8089/marketing/generated-docs/api-guide.html#resources-campaign-order",
        "type": "RESOURCE",
        "url": "http://host0014.local:8181/marketing/campaign/order",
        "status": "UP"
      },
      "id": "mar:campaign-order",
      "lane": 1
    },
    {
      "details": {
        "docs": "http://localhost:8089/marketing/generated-docs/api-guide.html#resources-campaign-order-status",
        "type": "RESOURCE",
        "url": "http://host0014.local:8181/marketing/campaign/order/{orderId}",
        "status": "UP"
      },
      "id": "mar:campaign-order-status",
      "lane": 1
    },
    {
      "details": {
        "docs": "http://localhost:8089/company-cars/generated-docs/api-guide.html#resources-cars",
        "type": "RESOURCE",
        "url": "http://host0014.local:8381/company-cars/cars",
        "status": "UP"
      },
      "id": "car:cars",
      "lane": 1
    },
    {
      "details": {
        "docs": "http://localhost:8089/company-cars/generated-docs/api-guide.html#resources-customer",
        "type": "RESOURCE",
        "url": "http://host0014.local:8381/company-cars/customer/info?requestCharacteristics={requestCharacteristics}",
        "status": "UP"
      },
      "id": "car:customer",
      "lane": 1
    }
  ],
  "lanes": [
    {
      "type": "UI Components",
      "lane": 0
    },
    {
      "type": "Resources",
      "lane": 1
    },
    {
      "type": "Microservices",
      "lane": 2
    },
    {
      "type": "Backends",
      "lane": 3
    }
  ],
  "links": [
    {
      "source": 0,
      "target": 1
    },
    {
      "source": 0,
      "target": 2
    },
    {
      "source": 0,
      "target": 3
    },
    {
      "source": 4,
      "target": 3
    },
    {
      "source": 4,
      "target": 5
    },
    {
      "source": 7,
      "target": 8
    },
    {
      "source": 7,
      "target": 9
    },
    {
      "source": 7,
      "target": 10
    },
    {
      "source": 7,
      "target": 11
    },
    {
      "source": 7,
      "target": 12
    },
    {
      "source": 7,
      "target": 13
    },
    {
      "source": 7,
      "target": 14
    },
    {
      "source": 7,
      "target": 15
    },
    {
      "source": 7,
      "target": 16
    },
    {
      "source": 7,
      "target": 3
    },
    {
      "source": 17,
      "target": 18
    },
    {
      "source": 17,
      "target": 19
    },
    {
      "source": 17,
      "target": 20
    },
    {
      "source": 17,
      "target": 21
    },
    {
      "source": 17,
      "target": 3
    },
    {
      "source": 17,
      "target": 22
    },
    {
      "source": 17,
      "target": 23
    },
    {
      "source": 17,
      "target": 24
    },
    {
      "source": 25,
      "target": 3
    },
    {
      "source": 26,
      "target": 27
    },
    {
      "source": 26,
      "target": 28
    },
    {
      "source": 26,
      "target": 29
    },
    {
      "source": 26,
      "target": 3
    },
    {
      "source": 30,
      "target": 3
    },
    {
      "source": 31,
      "target": 3
    },
    {
      "source": 31,
      "target": 5
    },
    {
      "source": 32,
      "target": 33
    },
    {
      "source": 32,
      "target": 34
    },
    {
      "source": 32,
      "target": 35
    },
    {
      "source": 32,
      "target": 7
    },
    {
      "source": 32,
      "target": 3
    },
    {
      "source": 32,
      "target": 5
    },
    {
      "source": 36,
      "target": 3
    },
    {
      "source": 36,
      "target": 37
    },
    {
      "source": 38,
      "target": 3
    },
    {
      "source": 39,
      "target": 40
    },
    {
      "source": 39,
      "target": 41
    },
    {
      "source": 39,
      "target": 3
    },
    {
      "source": 42,
      "target": 43
    },
    {
      "source": 42,
      "target": 3
    },
    {
      "source": 42,
      "target": 44
    },
    {
      "source": 45,
      "target": 46
    },
    {
      "source": 45,
      "target": 3
    },
    {
      "source": 47,
      "target": 48
    },
    {
      "source": 47,
      "target": 49
    },
    {
      "source": 47,
      "target": 21
    },
    {
      "source": 47,
      "target": 3
    },
    {
      "source": 50,
      "target": 51
    },
    {
      "source": 50,
      "target": 21
    },
    {
      "source": 50,
      "target": 3
    },
    {
      "source": 52,
      "target": 53
    },
    {
      "source": 52,
      "target": 3
    },
    {
      "source": 55,
      "target": 0
    },
    {
      "source": 56,
      "target": 4
    },
    {
      "source": 57,
      "target": 4
    },
    {
      "source": 58,
      "target": 4
    },
    {
      "source": 59,
      "target": 4
    },
    {
      "source": 60,
      "target": 4
    },
    {
      "source": 61,
      "target": 4
    },
    {
      "source": 62,
      "target": 4
    },
    {
      "source": 63,
      "target": 4
    },
    {
      "source": 64,
      "target": 7
    },
    {
      "source": 65,
      "target": 7
    },
    {
      "source": 66,
      "target": 7
    },
    {
      "source": 67,
      "target": 7
    },
    {
      "source": 68,
      "target": 7
    },
    {
      "source": 69,
      "target": 7
    },
    {
      "source": 70,
      "target": 17
    },
    {
      "source": 71,
      "target": 17
    },
    {
      "source": 72,
      "target": 17
    },
    {
      "source": 73,
      "target": 17
    },
    {
      "source": 74,
      "target": 17
    },
    {
      "source": 75,
      "target": 17
    },
    {
      "source": 76,
      "target": 17
    },
    {
      "source": 77,
      "target": 17
    },
    {
      "source": 78,
      "target": 17
    },
    {
      "source": 79,
      "target": 10
    },
    {
      "source": 80,
      "target": 10
    },
    {
      "source": 81,
      "target": 10
    },
    {
      "source": 82,
      "target": 10
    },
    {
      "source": 83,
      "target": 25
    },
    {
      "source": 84,
      "target": 25
    },
    {
      "source": 85,
      "target": 30
    },
    {
      "source": 86,
      "target": 31
    },
    {
      "source": 87,
      "target": 31
    },
    {
      "source": 88,
      "target": 31
    },
    {
      "source": 89,
      "target": 32
    },
    {
      "source": 90,
      "target": 32
    },
    {
      "source": 91,
      "target": 36
    },
    {
      "source": 92,
      "target": 36
    },
    {
      "source": 93,
      "target": 38
    },
    {
      "source": 94,
      "target": 38
    },
    {
      "source": 95,
      "target": 39
    },
    {
      "source": 96,
      "target": 39
    },
    {
      "source": 97,
      "target": 42
    },
    {
      "source": 98,
      "target": 42
    },
    {
      "source": 99,
      "target": 42
    },
    {
      "source": 100,
      "target": 42
    },
    {
      "source": 101,
      "target": 45
    },
    {
      "source": 102,
      "target": 47
    },
    {
      "source": 103,
      "target": 47
    },
    {
      "source": 104,
      "target": 47
    },
    {
      "source": 105,
      "target": 50
    },
    {
      "source": 106,
      "target": 50
    },
    {
      "source": 107,
      "target": 50
    },
    {
      "source": 108,
      "target": 50
    },
    {
      "source": 109,
      "target": 52
    },
    {
      "source": 110,
      "target": -1
    }
  ],
  "multigraph": false,
  "graph": []
}